<?xml version="1.0" encoding="UTF-8"?>
<spirit:component xmlns:xilinx="http://www.xilinx.com"
		xmlns:spirit="http://www.spiritconsortium.org/XMLSchema/SPIRIT/1685-2009"
		xmlns:xsi="http://www.w3.org/2001/XMLSchema-instance">
	<spirit:vendor>xilinx.com</spirit:vendor>
	<spirit:library>customized_ip</spirit:library>
	<spirit:name>design_1_v_cresample_0_0</spirit:name>
	<spirit:version>1.0</spirit:version>
	<spirit:busInterfaces>
		<spirit:busInterface>
			<spirit:name>ctrl</spirit:name>
			<spirit:displayName>CTRL</spirit:displayName>
			<spirit:busType spirit:vendor="xilinx.com"
					spirit:library="interface"
					spirit:name="aximm"
					spirit:version="1.0"/>
			<spirit:abstractionType spirit:vendor="xilinx.com"
					spirit:library="interface"
					spirit:name="aximm_rtl"
					spirit:version="1.0"/>
			<spirit:slave/>
			<spirit:portMaps>
				<spirit:portMap>
					<spirit:logicalPort>
						<spirit:name>ARADDR</spirit:name>
					</spirit:logicalPort>
					<spirit:physicalPort>
						<spirit:name>s_axi_araddr</spirit:name>
					</spirit:physicalPort>
				</spirit:portMap>
				<spirit:portMap>
					<spirit:logicalPort>
						<spirit:name>ARREADY</spirit:name>
					</spirit:logicalPort>
					<spirit:physicalPort>
						<spirit:name>s_axi_arready</spirit:name>
					</spirit:physicalPort>
				</spirit:portMap>
				<spirit:portMap>
					<spirit:logicalPort>
						<spirit:name>ARVALID</spirit:name>
					</spirit:logicalPort>
					<spirit:physicalPort>
						<spirit:name>s_axi_arvalid</spirit:name>
					</spirit:physicalPort>
				</spirit:portMap>
				<spirit:portMap>
					<spirit:logicalPort>
						<spirit:name>AWADDR</spirit:name>
					</spirit:logicalPort>
					<spirit:physicalPort>
						<spirit:name>s_axi_awaddr</spirit:name>
					</spirit:physicalPort>
				</spirit:portMap>
				<spirit:portMap>
					<spirit:logicalPort>
						<spirit:name>AWREADY</spirit:name>
					</spirit:logicalPort>
					<spirit:physicalPort>
						<spirit:name>s_axi_awready</spirit:name>
					</spirit:physicalPort>
				</spirit:portMap>
				<spirit:portMap>
					<spirit:logicalPort>
						<spirit:name>AWVALID</spirit:name>
					</spirit:logicalPort>
					<spirit:physicalPort>
						<spirit:name>s_axi_awvalid</spirit:name>
					</spirit:physicalPort>
				</spirit:portMap>
				<spirit:portMap>
					<spirit:logicalPort>
						<spirit:name>BREADY</spirit:name>
					</spirit:logicalPort>
					<spirit:physicalPort>
						<spirit:name>s_axi_bready</spirit:name>
					</spirit:physicalPort>
				</spirit:portMap>
				<spirit:portMap>
					<spirit:logicalPort>
						<spirit:name>BRESP</spirit:name>
					</spirit:logicalPort>
					<spirit:physicalPort>
						<spirit:name>s_axi_bresp</spirit:name>
					</spirit:physicalPort>
				</spirit:portMap>
				<spirit:portMap>
					<spirit:logicalPort>
						<spirit:name>BVALID</spirit:name>
					</spirit:logicalPort>
					<spirit:physicalPort>
						<spirit:name>s_axi_bvalid</spirit:name>
					</spirit:physicalPort>
				</spirit:portMap>
				<spirit:portMap>
					<spirit:logicalPort>
						<spirit:name>RDATA</spirit:name>
					</spirit:logicalPort>
					<spirit:physicalPort>
						<spirit:name>s_axi_rdata</spirit:name>
					</spirit:physicalPort>
				</spirit:portMap>
				<spirit:portMap>
					<spirit:logicalPort>
						<spirit:name>RREADY</spirit:name>
					</spirit:logicalPort>
					<spirit:physicalPort>
						<spirit:name>s_axi_rready</spirit:name>
					</spirit:physicalPort>
				</spirit:portMap>
				<spirit:portMap>
					<spirit:logicalPort>
						<spirit:name>RRESP</spirit:name>
					</spirit:logicalPort>
					<spirit:physicalPort>
						<spirit:name>s_axi_rresp</spirit:name>
					</spirit:physicalPort>
				</spirit:portMap>
				<spirit:portMap>
					<spirit:logicalPort>
						<spirit:name>RVALID</spirit:name>
					</spirit:logicalPort>
					<spirit:physicalPort>
						<spirit:name>s_axi_rvalid</spirit:name>
					</spirit:physicalPort>
				</spirit:portMap>
				<spirit:portMap>
					<spirit:logicalPort>
						<spirit:name>WDATA</spirit:name>
					</spirit:logicalPort>
					<spirit:physicalPort>
						<spirit:name>s_axi_wdata</spirit:name>
					</spirit:physicalPort>
				</spirit:portMap>
				<spirit:portMap>
					<spirit:logicalPort>
						<spirit:name>WREADY</spirit:name>
					</spirit:logicalPort>
					<spirit:physicalPort>
						<spirit:name>s_axi_wready</spirit:name>
					</spirit:physicalPort>
				</spirit:portMap>
				<spirit:portMap>
					<spirit:logicalPort>
						<spirit:name>WSTRB</spirit:name>
					</spirit:logicalPort>
					<spirit:physicalPort>
						<spirit:name>s_axi_wstrb</spirit:name>
					</spirit:physicalPort>
				</spirit:portMap>
				<spirit:portMap>
					<spirit:logicalPort>
						<spirit:name>WVALID</spirit:name>
					</spirit:logicalPort>
					<spirit:physicalPort>
						<spirit:name>s_axi_wvalid</spirit:name>
					</spirit:physicalPort>
				</spirit:portMap>
			</spirit:portMaps>
			<spirit:vendorExtensions>
				<xilinx:busInterfaceInfo>
					<xilinx:enablement>
						<xilinx:presence>optional</xilinx:presence>
						<xilinx:isEnabled xilinx:resolve="dependent"
								xilinx:dependency="(spirit:decode(id(&apos;MODELPARAM_VALUE.C_HAS_AXI4_LITE&apos;)) >= 1)">true</xilinx:isEnabled>
					</xilinx:enablement>
				</xilinx:busInterfaceInfo>
			</spirit:vendorExtensions>
		</spirit:busInterface>
		<spirit:busInterface>
			<spirit:name>video_in</spirit:name>
			<spirit:displayName>VIDEO_IN</spirit:displayName>
			<spirit:busType spirit:vendor="xilinx.com"
					spirit:library="interface"
					spirit:name="axis"
					spirit:version="1.0"/>
			<spirit:abstractionType spirit:vendor="xilinx.com"
					spirit:library="interface"
					spirit:name="axis_rtl"
					spirit:version="1.0"/>
			<spirit:slave/>
			<spirit:portMaps>
				<spirit:portMap>
					<spirit:logicalPort>
						<spirit:name>TDATA</spirit:name>
					</spirit:logicalPort>
					<spirit:physicalPort>
						<spirit:name>s_axis_video_tdata</spirit:name>
					</spirit:physicalPort>
				</spirit:portMap>
				<spirit:portMap>
					<spirit:logicalPort>
						<spirit:name>TLAST</spirit:name>
					</spirit:logicalPort>
					<spirit:physicalPort>
						<spirit:name>s_axis_video_tlast</spirit:name>
					</spirit:physicalPort>
				</spirit:portMap>
				<spirit:portMap>
					<spirit:logicalPort>
						<spirit:name>TREADY</spirit:name>
					</spirit:logicalPort>
					<spirit:physicalPort>
						<spirit:name>s_axis_video_tready</spirit:name>
					</spirit:physicalPort>
				</spirit:portMap>
				<spirit:portMap>
					<spirit:logicalPort>
						<spirit:name>TUSER</spirit:name>
					</spirit:logicalPort>
					<spirit:physicalPort>
						<spirit:name>s_axis_video_tuser</spirit:name>
					</spirit:physicalPort>
				</spirit:portMap>
				<spirit:portMap>
					<spirit:logicalPort>
						<spirit:name>TVALID</spirit:name>
					</spirit:logicalPort>
					<spirit:physicalPort>
						<spirit:name>s_axis_video_tvalid</spirit:name>
					</spirit:physicalPort>
				</spirit:portMap>
			</spirit:portMaps>
		</spirit:busInterface>
		<spirit:busInterface>
			<spirit:name>video_out</spirit:name>
			<spirit:displayName>VIDEO_OUT</spirit:displayName>
			<spirit:busType spirit:vendor="xilinx.com"
					spirit:library="interface"
					spirit:name="axis"
					spirit:version="1.0"/>
			<spirit:abstractionType spirit:vendor="xilinx.com"
					spirit:library="interface"
					spirit:name="axis_rtl"
					spirit:version="1.0"/>
			<spirit:master/>
			<spirit:portMaps>
				<spirit:portMap>
					<spirit:logicalPort>
						<spirit:name>TDATA</spirit:name>
					</spirit:logicalPort>
					<spirit:physicalPort>
						<spirit:name>m_axis_video_tdata</spirit:name>
					</spirit:physicalPort>
				</spirit:portMap>
				<spirit:portMap>
					<spirit:logicalPort>
						<spirit:name>TLAST</spirit:name>
					</spirit:logicalPort>
					<spirit:physicalPort>
						<spirit:name>m_axis_video_tlast</spirit:name>
					</spirit:physicalPort>
				</spirit:portMap>
				<spirit:portMap>
					<spirit:logicalPort>
						<spirit:name>TREADY</spirit:name>
					</spirit:logicalPort>
					<spirit:physicalPort>
						<spirit:name>m_axis_video_tready</spirit:name>
					</spirit:physicalPort>
				</spirit:portMap>
				<spirit:portMap>
					<spirit:logicalPort>
						<spirit:name>TUSER</spirit:name>
					</spirit:logicalPort>
					<spirit:physicalPort>
						<spirit:name>m_axis_video_tuser</spirit:name>
					</spirit:physicalPort>
				</spirit:portMap>
				<spirit:portMap>
					<spirit:logicalPort>
						<spirit:name>TVALID</spirit:name>
					</spirit:logicalPort>
					<spirit:physicalPort>
						<spirit:name>m_axis_video_tvalid</spirit:name>
					</spirit:physicalPort>
				</spirit:portMap>
			</spirit:portMaps>
		</spirit:busInterface>
		<spirit:busInterface>
			<spirit:name>aclk_intf</spirit:name>
			<spirit:busType spirit:vendor="xilinx.com"
					spirit:library="signal"
					spirit:name="clock"
					spirit:version="1.0"/>
			<spirit:abstractionType spirit:vendor="xilinx.com"
					spirit:library="signal"
					spirit:name="clock_rtl"
					spirit:version="1.0"/>
			<spirit:slave/>
			<spirit:portMaps>
				<spirit:portMap>
					<spirit:logicalPort>
						<spirit:name>CLK</spirit:name>
					</spirit:logicalPort>
					<spirit:physicalPort>
						<spirit:name>aclk</spirit:name>
					</spirit:physicalPort>
				</spirit:portMap>
			</spirit:portMaps>
			<spirit:parameters>
				<spirit:parameter>
					<spirit:name>ASSOCIATED_BUSIF</spirit:name>
					<spirit:value spirit:id="BUSIFPARAM_VALUE.ACLK_INTF.ASSOCIATED_BUSIF">video_in:video_out</spirit:value>
				</spirit:parameter>
				<spirit:parameter>
					<spirit:name>ASSOCIATED_RESET</spirit:name>
					<spirit:value spirit:id="BUSIFPARAM_VALUE.ACLK_INTF.ASSOCIATED_RESET">aresetn</spirit:value>
				</spirit:parameter>
				<spirit:parameter>
					<spirit:name>ASSOCIATED_CLKEN</spirit:name>
					<spirit:value spirit:id="BUSIFPARAM_VALUE.ACLK_INTF.ASSOCIATED_CLKEN">aclken</spirit:value>
				</spirit:parameter>
			</spirit:parameters>
		</spirit:busInterface>
		<spirit:busInterface>
			<spirit:name>aresetn_intf</spirit:name>
			<spirit:busType spirit:vendor="xilinx.com"
					spirit:library="signal"
					spirit:name="reset"
					spirit:version="1.0"/>
			<spirit:abstractionType spirit:vendor="xilinx.com"
					spirit:library="signal"
					spirit:name="reset_rtl"
					spirit:version="1.0"/>
			<spirit:slave/>
			<spirit:portMaps>
				<spirit:portMap>
					<spirit:logicalPort>
						<spirit:name>RST</spirit:name>
					</spirit:logicalPort>
					<spirit:physicalPort>
						<spirit:name>aresetn</spirit:name>
					</spirit:physicalPort>
				</spirit:portMap>
			</spirit:portMaps>
			<spirit:parameters>
				<spirit:parameter>
					<spirit:name>POLARITY</spirit:name>
					<spirit:value spirit:id="BUSIFPARAM_VALUE.ARESETN_INTF.POLARITY">ACTIVE_LOW</spirit:value>
				</spirit:parameter>
			</spirit:parameters>
		</spirit:busInterface>
		<spirit:busInterface>
			<spirit:name>aclken_intf</spirit:name>
			<spirit:busType spirit:vendor="xilinx.com"
					spirit:library="signal"
					spirit:name="clockenable"
					spirit:version="1.0"/>
			<spirit:abstractionType spirit:vendor="xilinx.com"
					spirit:library="signal"
					spirit:name="clockenable_rtl"
					spirit:version="1.0"/>
			<spirit:slave/>
			<spirit:portMaps>
				<spirit:portMap>
					<spirit:logicalPort>
						<spirit:name>CE</spirit:name>
					</spirit:logicalPort>
					<spirit:physicalPort>
						<spirit:name>aclken</spirit:name>
					</spirit:physicalPort>
				</spirit:portMap>
			</spirit:portMaps>
		</spirit:busInterface>
		<spirit:busInterface>
			<spirit:name>s_axi_aclk_intf</spirit:name>
			<spirit:busType spirit:vendor="xilinx.com"
					spirit:library="signal"
					spirit:name="clock"
					spirit:version="1.0"/>
			<spirit:abstractionType spirit:vendor="xilinx.com"
					spirit:library="signal"
					spirit:name="clock_rtl"
					spirit:version="1.0"/>
			<spirit:slave/>
			<spirit:portMaps>
				<spirit:portMap>
					<spirit:logicalPort>
						<spirit:name>CLK</spirit:name>
					</spirit:logicalPort>
					<spirit:physicalPort>
						<spirit:name>s_axi_aclk</spirit:name>
					</spirit:physicalPort>
				</spirit:portMap>
			</spirit:portMaps>
			<spirit:parameters>
				<spirit:parameter>
					<spirit:name>ASSOCIATED_BUSIF</spirit:name>
					<spirit:value spirit:id="BUSIFPARAM_VALUE.S_AXI_ACLK_INTF.ASSOCIATED_BUSIF">ctrl</spirit:value>
				</spirit:parameter>
				<spirit:parameter>
					<spirit:name>ASSOCIATED_RESET</spirit:name>
					<spirit:value spirit:id="BUSIFPARAM_VALUE.S_AXI_ACLK_INTF.ASSOCIATED_RESET">s_axi_aresetn</spirit:value>
				</spirit:parameter>
				<spirit:parameter>
					<spirit:name>ASSOCIATED_CLKEN</spirit:name>
					<spirit:value spirit:id="BUSIFPARAM_VALUE.S_AXI_ACLK_INTF.ASSOCIATED_CLKEN">s_axi_aclken</spirit:value>
				</spirit:parameter>
			</spirit:parameters>
			<spirit:vendorExtensions>
				<xilinx:busInterfaceInfo>
					<xilinx:enablement>
						<xilinx:presence>optional</xilinx:presence>
						<xilinx:isEnabled xilinx:resolve="dependent"
								xilinx:dependency="(spirit:decode(id(&apos;MODELPARAM_VALUE.C_HAS_AXI4_LITE&apos;)) >= 1)">true</xilinx:isEnabled>
					</xilinx:enablement>
				</xilinx:busInterfaceInfo>
			</spirit:vendorExtensions>
		</spirit:busInterface>
		<spirit:busInterface>
			<spirit:name>s_axi_aresetn_intf</spirit:name>
			<spirit:busType spirit:vendor="xilinx.com"
					spirit:library="signal"
					spirit:name="reset"
					spirit:version="1.0"/>
			<spirit:abstractionType spirit:vendor="xilinx.com"
					spirit:library="signal"
					spirit:name="reset_rtl"
					spirit:version="1.0"/>
			<spirit:slave/>
			<spirit:portMaps>
				<spirit:portMap>
					<spirit:logicalPort>
						<spirit:name>RST</spirit:name>
					</spirit:logicalPort>
					<spirit:physicalPort>
						<spirit:name>s_axi_aresetn</spirit:name>
					</spirit:physicalPort>
				</spirit:portMap>
			</spirit:portMaps>
			<spirit:parameters>
				<spirit:parameter>
					<spirit:name>POLARITY</spirit:name>
					<spirit:value spirit:id="BUSIFPARAM_VALUE.S_AXI_ARESETN_INTF.POLARITY">ACTIVE_LOW</spirit:value>
				</spirit:parameter>
			</spirit:parameters>
			<spirit:vendorExtensions>
				<xilinx:busInterfaceInfo>
					<xilinx:enablement>
						<xilinx:presence>optional</xilinx:presence>
						<xilinx:isEnabled xilinx:resolve="dependent"
								xilinx:dependency="(spirit:decode(id(&apos;MODELPARAM_VALUE.C_HAS_AXI4_LITE&apos;)) >= 1)">true</xilinx:isEnabled>
					</xilinx:enablement>
				</xilinx:busInterfaceInfo>
			</spirit:vendorExtensions>
		</spirit:busInterface>
		<spirit:busInterface>
			<spirit:name>s_axi_aclken_intf</spirit:name>
			<spirit:busType spirit:vendor="xilinx.com"
					spirit:library="signal"
					spirit:name="clockenable"
					spirit:version="1.0"/>
			<spirit:abstractionType spirit:vendor="xilinx.com"
					spirit:library="signal"
					spirit:name="clockenable_rtl"
					spirit:version="1.0"/>
			<spirit:slave/>
			<spirit:portMaps>
				<spirit:portMap>
					<spirit:logicalPort>
						<spirit:name>CE</spirit:name>
					</spirit:logicalPort>
					<spirit:physicalPort>
						<spirit:name>s_axi_aclken</spirit:name>
					</spirit:physicalPort>
				</spirit:portMap>
			</spirit:portMaps>
			<spirit:vendorExtensions>
				<xilinx:busInterfaceInfo>
					<xilinx:enablement>
						<xilinx:presence>optional</xilinx:presence>
						<xilinx:isEnabled xilinx:resolve="dependent"
								xilinx:dependency="(spirit:decode(id(&apos;MODELPARAM_VALUE.C_HAS_AXI4_LITE&apos;)) >= 1)">true</xilinx:isEnabled>
					</xilinx:enablement>
				</xilinx:busInterfaceInfo>
			</spirit:vendorExtensions>
		</spirit:busInterface>
		<spirit:busInterface>
			<spirit:name>irq_intf</spirit:name>
			<spirit:busType spirit:vendor="xilinx.com"
					spirit:library="signal"
					spirit:name="interrupt"
					spirit:version="1.0"/>
			<spirit:abstractionType spirit:vendor="xilinx.com"
					spirit:library="signal"
					spirit:name="interrupt_rtl"
					spirit:version="1.0"/>
			<spirit:master/>
			<spirit:portMaps>
				<spirit:portMap>
					<spirit:logicalPort>
						<spirit:name>INTERRUPT</spirit:name>
					</spirit:logicalPort>
					<spirit:physicalPort>
						<spirit:name>irq</spirit:name>
					</spirit:physicalPort>
				</spirit:portMap>
			</spirit:portMaps>
			<spirit:parameters>
				<spirit:parameter>
					<spirit:name>SENSITIVITY</spirit:name>
					<spirit:value spirit:id="BUSIFPARAM_VALUE.IRQ_INTF.SENSITIVITY">LEVEL_HIGH</spirit:value>
				</spirit:parameter>
			</spirit:parameters>
			<spirit:vendorExtensions>
				<xilinx:busInterfaceInfo>
					<xilinx:enablement>
						<xilinx:presence>optional</xilinx:presence>
						<xilinx:isEnabled xilinx:resolve="dependent"
								xilinx:dependency="(spirit:decode(id(&apos;MODELPARAM_VALUE.C_HAS_AXI4_LITE&apos;)) >= 1)">true</xilinx:isEnabled>
					</xilinx:enablement>
				</xilinx:busInterfaceInfo>
			</spirit:vendorExtensions>
		</spirit:busInterface>
	</spirit:busInterfaces>
	<spirit:model>
		<spirit:ports>
			<spirit:port>
				<spirit:name>aclk</spirit:name>
				<spirit:wire>
					<spirit:direction>in</spirit:direction>
					<spirit:wireTypeDefs>
						<spirit:wireTypeDef>
							<spirit:typeName>std_logic</spirit:typeName>
							<spirit:viewNameRef>dummy_view</spirit:viewNameRef>
						</spirit:wireTypeDef>
					</spirit:wireTypeDefs>
				</spirit:wire>
				<spirit:vendorExtensions>
					<xilinx:portInfo>
						<xilinx:enablement>
							<xilinx:isEnabled>true</xilinx:isEnabled>
						</xilinx:enablement>
					</xilinx:portInfo>
				</spirit:vendorExtensions>
			</spirit:port>
			<spirit:port>
				<spirit:name>aclken</spirit:name>
				<spirit:wire>
					<spirit:direction>in</spirit:direction>
					<spirit:wireTypeDefs>
						<spirit:wireTypeDef>
							<spirit:typeName>std_logic</spirit:typeName>
							<spirit:viewNameRef>dummy_view</spirit:viewNameRef>
						</spirit:wireTypeDef>
					</spirit:wireTypeDefs>
					<spirit:driver>
						<spirit:defaultValue>1</spirit:defaultValue>
					</spirit:driver>
				</spirit:wire>
				<spirit:vendorExtensions>
					<xilinx:portInfo>
						<xilinx:enablement>
							<xilinx:isEnabled>true</xilinx:isEnabled>
						</xilinx:enablement>
					</xilinx:portInfo>
				</spirit:vendorExtensions>
			</spirit:port>
			<spirit:port>
				<spirit:name>aresetn</spirit:name>
				<spirit:wire>
					<spirit:direction>in</spirit:direction>
					<spirit:wireTypeDefs>
						<spirit:wireTypeDef>
							<spirit:typeName>std_logic</spirit:typeName>
							<spirit:viewNameRef>dummy_view</spirit:viewNameRef>
						</spirit:wireTypeDef>
					</spirit:wireTypeDefs>
					<spirit:driver>
						<spirit:defaultValue>1</spirit:defaultValue>
					</spirit:driver>
				</spirit:wire>
				<spirit:vendorExtensions>
					<xilinx:portInfo>
						<xilinx:enablement>
							<xilinx:isEnabled>true</xilinx:isEnabled>
						</xilinx:enablement>
					</xilinx:portInfo>
				</spirit:vendorExtensions>
			</spirit:port>
			<spirit:port>
				<spirit:name>s_axi_aclk</spirit:name>
				<spirit:wire>
					<spirit:direction>in</spirit:direction>
					<spirit:wireTypeDefs>
						<spirit:wireTypeDef>
							<spirit:typeName>std_logic</spirit:typeName>
							<spirit:viewNameRef>dummy_view</spirit:viewNameRef>
						</spirit:wireTypeDef>
					</spirit:wireTypeDefs>
				</spirit:wire>
				<spirit:vendorExtensions>
					<xilinx:portInfo>
						<xilinx:enablement>
							<xilinx:presence>optional</xilinx:presence>
							<xilinx:isEnabled xilinx:resolve="dependent"
									xilinx:dependency="(spirit:decode(id(&apos;MODELPARAM_VALUE.C_HAS_AXI4_LITE&apos;)) >= 1)">true</xilinx:isEnabled>
						</xilinx:enablement>
					</xilinx:portInfo>
				</spirit:vendorExtensions>
			</spirit:port>
			<spirit:port>
				<spirit:name>s_axi_aclken</spirit:name>
				<spirit:wire>
					<spirit:direction>in</spirit:direction>
					<spirit:wireTypeDefs>
						<spirit:wireTypeDef>
							<spirit:typeName>std_logic</spirit:typeName>
							<spirit:viewNameRef>dummy_view</spirit:viewNameRef>
						</spirit:wireTypeDef>
					</spirit:wireTypeDefs>
					<spirit:driver>
						<spirit:defaultValue spirit:format="bitString"
								spirit:bitStringLength="1">1</spirit:defaultValue>
					</spirit:driver>
				</spirit:wire>
				<spirit:vendorExtensions>
					<xilinx:portInfo>
						<xilinx:enablement>
							<xilinx:presence>optional</xilinx:presence>
							<xilinx:isEnabled xilinx:resolve="dependent"
									xilinx:dependency="(spirit:decode(id(&apos;MODELPARAM_VALUE.C_HAS_AXI4_LITE&apos;)) >= 1)">true</xilinx:isEnabled>
						</xilinx:enablement>
					</xilinx:portInfo>
				</spirit:vendorExtensions>
			</spirit:port>
			<spirit:port>
				<spirit:name>s_axi_aresetn</spirit:name>
				<spirit:wire>
					<spirit:direction>in</spirit:direction>
					<spirit:wireTypeDefs>
						<spirit:wireTypeDef>
							<spirit:typeName>std_logic</spirit:typeName>
							<spirit:viewNameRef>dummy_view</spirit:viewNameRef>
						</spirit:wireTypeDef>
					</spirit:wireTypeDefs>
					<spirit:driver>
						<spirit:defaultValue spirit:format="bitString"
								spirit:bitStringLength="1">1</spirit:defaultValue>
					</spirit:driver>
				</spirit:wire>
				<spirit:vendorExtensions>
					<xilinx:portInfo>
						<xilinx:enablement>
							<xilinx:presence>optional</xilinx:presence>
							<xilinx:isEnabled xilinx:resolve="dependent"
									xilinx:dependency="(spirit:decode(id(&apos;MODELPARAM_VALUE.C_HAS_AXI4_LITE&apos;)) >= 1)">true</xilinx:isEnabled>
						</xilinx:enablement>
					</xilinx:portInfo>
				</spirit:vendorExtensions>
			</spirit:port>
			<spirit:port>
				<spirit:name>intc_if</spirit:name>
				<spirit:wire>
					<spirit:direction>out</spirit:direction>
					<spirit:vector>
						<spirit:left>8</spirit:left>
						<spirit:right>0</spirit:right>
					</spirit:vector>
					<spirit:wireTypeDefs>
						<spirit:wireTypeDef>
							<spirit:typeName>std_logic_vector</spirit:typeName>
							<spirit:viewNameRef>dummy_view</spirit:viewNameRef>
						</spirit:wireTypeDef>
					</spirit:wireTypeDefs>
				</spirit:wire>
				<spirit:vendorExtensions>
					<xilinx:portInfo>
						<xilinx:enablement>
							<xilinx:presence>optional</xilinx:presence>
							<xilinx:isEnabled xilinx:resolve="dependent"
									xilinx:dependency="(spirit:decode(id(&apos;MODELPARAM_VALUE.C_HAS_INTC_IF&apos;)) >= 1)">false</xilinx:isEnabled>
						</xilinx:enablement>
					</xilinx:portInfo>
				</spirit:vendorExtensions>
			</spirit:port>
			<spirit:port>
				<spirit:name>irq</spirit:name>
				<spirit:wire>
					<spirit:direction>out</spirit:direction>
					<spirit:wireTypeDefs>
						<spirit:wireTypeDef>
							<spirit:typeName>std_logic</spirit:typeName>
							<spirit:viewNameRef>dummy_view</spirit:viewNameRef>
						</spirit:wireTypeDef>
					</spirit:wireTypeDefs>
				</spirit:wire>
				<spirit:vendorExtensions>
					<xilinx:portInfo>
						<xilinx:enablement>
							<xilinx:presence>optional</xilinx:presence>
							<xilinx:isEnabled xilinx:resolve="dependent"
									xilinx:dependency="(spirit:decode(id(&apos;MODELPARAM_VALUE.C_HAS_AXI4_LITE&apos;)) >= 1)">true</xilinx:isEnabled>
						</xilinx:enablement>
					</xilinx:portInfo>
				</spirit:vendorExtensions>
			</spirit:port>
			<spirit:port>
				<spirit:name>s_axis_video_tdata</spirit:name>
				<spirit:wire>
					<spirit:direction>in</spirit:direction>
					<spirit:vector>
						<spirit:left spirit:resolve="dependent"
								spirit:dependency="(spirit:decode(id(&apos;MODELPARAM_VALUE.C_S_AXIS_VIDEO_TDATA_WIDTH&apos;))-1)">23</spirit:left>
						<spirit:right>0</spirit:right>
					</spirit:vector>
					<spirit:wireTypeDefs>
						<spirit:wireTypeDef>
							<spirit:typeName>std_logic_vector</spirit:typeName>
							<spirit:viewNameRef>dummy_view</spirit:viewNameRef>
						</spirit:wireTypeDef>
					</spirit:wireTypeDefs>
				</spirit:wire>
				<spirit:vendorExtensions>
					<xilinx:portInfo>
						<xilinx:enablement>
							<xilinx:isEnabled>true</xilinx:isEnabled>
						</xilinx:enablement>
					</xilinx:portInfo>
				</spirit:vendorExtensions>
			</spirit:port>
			<spirit:port>
				<spirit:name>s_axis_video_tvalid</spirit:name>
				<spirit:wire>
					<spirit:direction>in</spirit:direction>
					<spirit:wireTypeDefs>
						<spirit:wireTypeDef>
							<spirit:typeName>std_logic</spirit:typeName>
							<spirit:viewNameRef>dummy_view</spirit:viewNameRef>
						</spirit:wireTypeDef>
					</spirit:wireTypeDefs>
				</spirit:wire>
				<spirit:vendorExtensions>
					<xilinx:portInfo>
						<xilinx:enablement>
							<xilinx:isEnabled>true</xilinx:isEnabled>
						</xilinx:enablement>
					</xilinx:portInfo>
				</spirit:vendorExtensions>
			</spirit:port>
			<spirit:port>
				<spirit:name>s_axis_video_tready</spirit:name>
				<spirit:wire>
					<spirit:direction>out</spirit:direction>
					<spirit:wireTypeDefs>
						<spirit:wireTypeDef>
							<spirit:typeName>std_logic</spirit:typeName>
							<spirit:viewNameRef>dummy_view</spirit:viewNameRef>
						</spirit:wireTypeDef>
					</spirit:wireTypeDefs>
				</spirit:wire>
				<spirit:vendorExtensions>
					<xilinx:portInfo>
						<xilinx:enablement>
							<xilinx:isEnabled>true</xilinx:isEnabled>
						</xilinx:enablement>
					</xilinx:portInfo>
				</spirit:vendorExtensions>
			</spirit:port>
			<spirit:port>
				<spirit:name>s_axis_video_tuser</spirit:name>
				<spirit:wire>
					<spirit:direction>in</spirit:direction>
					<spirit:wireTypeDefs>
						<spirit:wireTypeDef>
							<spirit:typeName>std_logic</spirit:typeName>
							<spirit:viewNameRef>dummy_view</spirit:viewNameRef>
						</spirit:wireTypeDef>
					</spirit:wireTypeDefs>
				</spirit:wire>
				<spirit:vendorExtensions>
					<xilinx:portInfo>
						<xilinx:enablement>
							<xilinx:isEnabled>true</xilinx:isEnabled>
						</xilinx:enablement>
					</xilinx:portInfo>
				</spirit:vendorExtensions>
			</spirit:port>
			<spirit:port>
				<spirit:name>s_axis_video_tlast</spirit:name>
				<spirit:wire>
					<spirit:direction>in</spirit:direction>
					<spirit:wireTypeDefs>
						<spirit:wireTypeDef>
							<spirit:typeName>std_logic</spirit:typeName>
							<spirit:viewNameRef>dummy_view</spirit:viewNameRef>
						</spirit:wireTypeDef>
					</spirit:wireTypeDefs>
				</spirit:wire>
				<spirit:vendorExtensions>
					<xilinx:portInfo>
						<xilinx:enablement>
							<xilinx:isEnabled>true</xilinx:isEnabled>
						</xilinx:enablement>
					</xilinx:portInfo>
				</spirit:vendorExtensions>
			</spirit:port>
			<spirit:port>
				<spirit:name>m_axis_video_tdata</spirit:name>
				<spirit:wire>
					<spirit:direction>out</spirit:direction>
					<spirit:vector>
						<spirit:left spirit:resolve="dependent"
								spirit:dependency="(spirit:decode(id(&apos;MODELPARAM_VALUE.C_M_AXIS_VIDEO_TDATA_WIDTH&apos;))-1)">15</spirit:left>
						<spirit:right>0</spirit:right>
					</spirit:vector>
					<spirit:wireTypeDefs>
						<spirit:wireTypeDef>
							<spirit:typeName>std_logic_vector</spirit:typeName>
							<spirit:viewNameRef>dummy_view</spirit:viewNameRef>
						</spirit:wireTypeDef>
					</spirit:wireTypeDefs>
				</spirit:wire>
				<spirit:vendorExtensions>
					<xilinx:portInfo>
						<xilinx:enablement>
							<xilinx:isEnabled>true</xilinx:isEnabled>
						</xilinx:enablement>
					</xilinx:portInfo>
				</spirit:vendorExtensions>
			</spirit:port>
			<spirit:port>
				<spirit:name>m_axis_video_tvalid</spirit:name>
				<spirit:wire>
					<spirit:direction>out</spirit:direction>
					<spirit:wireTypeDefs>
						<spirit:wireTypeDef>
							<spirit:typeName>std_logic</spirit:typeName>
							<spirit:viewNameRef>dummy_view</spirit:viewNameRef>
						</spirit:wireTypeDef>
					</spirit:wireTypeDefs>
				</spirit:wire>
				<spirit:vendorExtensions>
					<xilinx:portInfo>
						<xilinx:enablement>
							<xilinx:isEnabled>true</xilinx:isEnabled>
						</xilinx:enablement>
					</xilinx:portInfo>
				</spirit:vendorExtensions>
			</spirit:port>
			<spirit:port>
				<spirit:name>m_axis_video_tready</spirit:name>
				<spirit:wire>
					<spirit:direction>in</spirit:direction>
					<spirit:wireTypeDefs>
						<spirit:wireTypeDef>
							<spirit:typeName>std_logic</spirit:typeName>
							<spirit:viewNameRef>dummy_view</spirit:viewNameRef>
						</spirit:wireTypeDef>
					</spirit:wireTypeDefs>
				</spirit:wire>
				<spirit:vendorExtensions>
					<xilinx:portInfo>
						<xilinx:enablement>
							<xilinx:isEnabled>true</xilinx:isEnabled>
						</xilinx:enablement>
					</xilinx:portInfo>
				</spirit:vendorExtensions>
			</spirit:port>
			<spirit:port>
				<spirit:name>m_axis_video_tuser</spirit:name>
				<spirit:wire>
					<spirit:direction>out</spirit:direction>
					<spirit:wireTypeDefs>
						<spirit:wireTypeDef>
							<spirit:typeName>std_logic</spirit:typeName>
							<spirit:viewNameRef>dummy_view</spirit:viewNameRef>
						</spirit:wireTypeDef>
					</spirit:wireTypeDefs>
				</spirit:wire>
				<spirit:vendorExtensions>
					<xilinx:portInfo>
						<xilinx:enablement>
							<xilinx:isEnabled>true</xilinx:isEnabled>
						</xilinx:enablement>
					</xilinx:portInfo>
				</spirit:vendorExtensions>
			</spirit:port>
			<spirit:port>
				<spirit:name>m_axis_video_tlast</spirit:name>
				<spirit:wire>
					<spirit:direction>out</spirit:direction>
					<spirit:wireTypeDefs>
						<spirit:wireTypeDef>
							<spirit:typeName>std_logic</spirit:typeName>
							<spirit:viewNameRef>dummy_view</spirit:viewNameRef>
						</spirit:wireTypeDef>
					</spirit:wireTypeDefs>
				</spirit:wire>
				<spirit:vendorExtensions>
					<xilinx:portInfo>
						<xilinx:enablement>
							<xilinx:isEnabled>true</xilinx:isEnabled>
						</xilinx:enablement>
					</xilinx:portInfo>
				</spirit:vendorExtensions>
			</spirit:port>
			<spirit:port>
				<spirit:name>s_axi_awaddr</spirit:name>
				<spirit:wire>
					<spirit:direction>in</spirit:direction>
					<spirit:vector>
						<spirit:left>8</spirit:left>
						<spirit:right>0</spirit:right>
					</spirit:vector>
					<spirit:wireTypeDefs>
						<spirit:wireTypeDef>
							<spirit:typeName>std_logic_vector</spirit:typeName>
							<spirit:viewNameRef>dummy_view</spirit:viewNameRef>
						</spirit:wireTypeDef>
					</spirit:wireTypeDefs>
					<spirit:driver>
						<spirit:defaultValue>0</spirit:defaultValue>
					</spirit:driver>
				</spirit:wire>
				<spirit:vendorExtensions>
					<xilinx:portInfo>
						<xilinx:enablement>
							<xilinx:presence>optional</xilinx:presence>
							<xilinx:isEnabled xilinx:resolve="dependent"
									xilinx:dependency="(spirit:decode(id(&apos;MODELPARAM_VALUE.C_HAS_AXI4_LITE&apos;)) >= 1)">true</xilinx:isEnabled>
						</xilinx:enablement>
					</xilinx:portInfo>
				</spirit:vendorExtensions>
			</spirit:port>
			<spirit:port>
				<spirit:name>s_axi_awvalid</spirit:name>
				<spirit:wire>
					<spirit:direction>in</spirit:direction>
					<spirit:wireTypeDefs>
						<spirit:wireTypeDef>
							<spirit:typeName>std_logic</spirit:typeName>
							<spirit:viewNameRef>dummy_view</spirit:viewNameRef>
						</spirit:wireTypeDef>
					</spirit:wireTypeDefs>
					<spirit:driver>
						<spirit:defaultValue>0</spirit:defaultValue>
					</spirit:driver>
				</spirit:wire>
				<spirit:vendorExtensions>
					<xilinx:portInfo>
						<xilinx:enablement>
							<xilinx:presence>optional</xilinx:presence>
							<xilinx:isEnabled xilinx:resolve="dependent"
									xilinx:dependency="(spirit:decode(id(&apos;MODELPARAM_VALUE.C_HAS_AXI4_LITE&apos;)) >= 1)">true</xilinx:isEnabled>
						</xilinx:enablement>
					</xilinx:portInfo>
				</spirit:vendorExtensions>
			</spirit:port>
			<spirit:port>
				<spirit:name>s_axi_awready</spirit:name>
				<spirit:wire>
					<spirit:direction>out</spirit:direction>
					<spirit:wireTypeDefs>
						<spirit:wireTypeDef>
							<spirit:typeName>std_logic</spirit:typeName>
							<spirit:viewNameRef>dummy_view</spirit:viewNameRef>
						</spirit:wireTypeDef>
					</spirit:wireTypeDefs>
				</spirit:wire>
				<spirit:vendorExtensions>
					<xilinx:portInfo>
						<xilinx:enablement>
							<xilinx:presence>optional</xilinx:presence>
							<xilinx:isEnabled xilinx:resolve="dependent"
									xilinx:dependency="(spirit:decode(id(&apos;MODELPARAM_VALUE.C_HAS_AXI4_LITE&apos;)) >= 1)">true</xilinx:isEnabled>
						</xilinx:enablement>
					</xilinx:portInfo>
				</spirit:vendorExtensions>
			</spirit:port>
			<spirit:port>
				<spirit:name>s_axi_wdata</spirit:name>
				<spirit:wire>
					<spirit:direction>in</spirit:direction>
					<spirit:vector>
						<spirit:left>31</spirit:left>
						<spirit:right>0</spirit:right>
					</spirit:vector>
					<spirit:wireTypeDefs>
						<spirit:wireTypeDef>
							<spirit:typeName>std_logic_vector</spirit:typeName>
							<spirit:viewNameRef>dummy_view</spirit:viewNameRef>
						</spirit:wireTypeDef>
					</spirit:wireTypeDefs>
					<spirit:driver>
						<spirit:defaultValue>0</spirit:defaultValue>
					</spirit:driver>
				</spirit:wire>
				<spirit:vendorExtensions>
					<xilinx:portInfo>
						<xilinx:enablement>
							<xilinx:presence>optional</xilinx:presence>
							<xilinx:isEnabled xilinx:resolve="dependent"
									xilinx:dependency="(spirit:decode(id(&apos;MODELPARAM_VALUE.C_HAS_AXI4_LITE&apos;)) >= 1)">true</xilinx:isEnabled>
						</xilinx:enablement>
					</xilinx:portInfo>
				</spirit:vendorExtensions>
			</spirit:port>
			<spirit:port>
				<spirit:name>s_axi_wstrb</spirit:name>
				<spirit:wire>
					<spirit:direction>in</spirit:direction>
					<spirit:vector>
						<spirit:left>3</spirit:left>
						<spirit:right>0</spirit:right>
					</spirit:vector>
					<spirit:wireTypeDefs>
						<spirit:wireTypeDef>
							<spirit:typeName>std_logic_vector</spirit:typeName>
							<spirit:viewNameRef>dummy_view</spirit:viewNameRef>
						</spirit:wireTypeDef>
					</spirit:wireTypeDefs>
					<spirit:driver>
						<spirit:defaultValue>0</spirit:defaultValue>
					</spirit:driver>
				</spirit:wire>
				<spirit:vendorExtensions>
					<xilinx:portInfo>
						<xilinx:enablement>
							<xilinx:presence>optional</xilinx:presence>
							<xilinx:isEnabled xilinx:resolve="dependent"
									xilinx:dependency="(spirit:decode(id(&apos;MODELPARAM_VALUE.C_HAS_AXI4_LITE&apos;)) >= 1)">true</xilinx:isEnabled>
						</xilinx:enablement>
					</xilinx:portInfo>
				</spirit:vendorExtensions>
			</spirit:port>
			<spirit:port>
				<spirit:name>s_axi_wvalid</spirit:name>
				<spirit:wire>
					<spirit:direction>in</spirit:direction>
					<spirit:wireTypeDefs>
						<spirit:wireTypeDef>
							<spirit:typeName>std_logic</spirit:typeName>
							<spirit:viewNameRef>dummy_view</spirit:viewNameRef>
						</spirit:wireTypeDef>
					</spirit:wireTypeDefs>
					<spirit:driver>
						<spirit:defaultValue>0</spirit:defaultValue>
					</spirit:driver>
				</spirit:wire>
				<spirit:vendorExtensions>
					<xilinx:portInfo>
						<xilinx:enablement>
							<xilinx:presence>optional</xilinx:presence>
							<xilinx:isEnabled xilinx:resolve="dependent"
									xilinx:dependency="(spirit:decode(id(&apos;MODELPARAM_VALUE.C_HAS_AXI4_LITE&apos;)) >= 1)">true</xilinx:isEnabled>
						</xilinx:enablement>
					</xilinx:portInfo>
				</spirit:vendorExtensions>
			</spirit:port>
			<spirit:port>
				<spirit:name>s_axi_wready</spirit:name>
				<spirit:wire>
					<spirit:direction>out</spirit:direction>
					<spirit:wireTypeDefs>
						<spirit:wireTypeDef>
							<spirit:typeName>std_logic</spirit:typeName>
							<spirit:viewNameRef>dummy_view</spirit:viewNameRef>
						</spirit:wireTypeDef>
					</spirit:wireTypeDefs>
				</spirit:wire>
				<spirit:vendorExtensions>
					<xilinx:portInfo>
						<xilinx:enablement>
							<xilinx:presence>optional</xilinx:presence>
							<xilinx:isEnabled xilinx:resolve="dependent"
									xilinx:dependency="(spirit:decode(id(&apos;MODELPARAM_VALUE.C_HAS_AXI4_LITE&apos;)) >= 1)">true</xilinx:isEnabled>
						</xilinx:enablement>
					</xilinx:portInfo>
				</spirit:vendorExtensions>
			</spirit:port>
			<spirit:port>
				<spirit:name>s_axi_bresp</spirit:name>
				<spirit:wire>
					<spirit:direction>out</spirit:direction>
					<spirit:vector>
						<spirit:left>1</spirit:left>
						<spirit:right>0</spirit:right>
					</spirit:vector>
					<spirit:wireTypeDefs>
						<spirit:wireTypeDef>
							<spirit:typeName>std_logic_vector</spirit:typeName>
							<spirit:viewNameRef>dummy_view</spirit:viewNameRef>
						</spirit:wireTypeDef>
					</spirit:wireTypeDefs>
				</spirit:wire>
				<spirit:vendorExtensions>
					<xilinx:portInfo>
						<xilinx:enablement>
							<xilinx:presence>optional</xilinx:presence>
							<xilinx:isEnabled xilinx:resolve="dependent"
									xilinx:dependency="(spirit:decode(id(&apos;MODELPARAM_VALUE.C_HAS_AXI4_LITE&apos;)) >= 1)">true</xilinx:isEnabled>
						</xilinx:enablement>
					</xilinx:portInfo>
				</spirit:vendorExtensions>
			</spirit:port>
			<spirit:port>
				<spirit:name>s_axi_bvalid</spirit:name>
				<spirit:wire>
					<spirit:direction>out</spirit:direction>
					<spirit:wireTypeDefs>
						<spirit:wireTypeDef>
							<spirit:typeName>std_logic</spirit:typeName>
							<spirit:viewNameRef>dummy_view</spirit:viewNameRef>
						</spirit:wireTypeDef>
					</spirit:wireTypeDefs>
				</spirit:wire>
				<spirit:vendorExtensions>
					<xilinx:portInfo>
						<xilinx:enablement>
							<xilinx:presence>optional</xilinx:presence>
							<xilinx:isEnabled xilinx:resolve="dependent"
									xilinx:dependency="(spirit:decode(id(&apos;MODELPARAM_VALUE.C_HAS_AXI4_LITE&apos;)) >= 1)">true</xilinx:isEnabled>
						</xilinx:enablement>
					</xilinx:portInfo>
				</spirit:vendorExtensions>
			</spirit:port>
			<spirit:port>
				<spirit:name>s_axi_bready</spirit:name>
				<spirit:wire>
					<spirit:direction>in</spirit:direction>
					<spirit:wireTypeDefs>
						<spirit:wireTypeDef>
							<spirit:typeName>std_logic</spirit:typeName>
							<spirit:viewNameRef>dummy_view</spirit:viewNameRef>
						</spirit:wireTypeDef>
					</spirit:wireTypeDefs>
					<spirit:driver>
						<spirit:defaultValue>0</spirit:defaultValue>
					</spirit:driver>
				</spirit:wire>
				<spirit:vendorExtensions>
					<xilinx:portInfo>
						<xilinx:enablement>
							<xilinx:presence>optional</xilinx:presence>
							<xilinx:isEnabled xilinx:resolve="dependent"
									xilinx:dependency="(spirit:decode(id(&apos;MODELPARAM_VALUE.C_HAS_AXI4_LITE&apos;)) >= 1)">true</xilinx:isEnabled>
						</xilinx:enablement>
					</xilinx:portInfo>
				</spirit:vendorExtensions>
			</spirit:port>
			<spirit:port>
				<spirit:name>s_axi_araddr</spirit:name>
				<spirit:wire>
					<spirit:direction>in</spirit:direction>
					<spirit:vector>
						<spirit:left>8</spirit:left>
						<spirit:right>0</spirit:right>
					</spirit:vector>
					<spirit:wireTypeDefs>
						<spirit:wireTypeDef>
							<spirit:typeName>std_logic_vector</spirit:typeName>
							<spirit:viewNameRef>dummy_view</spirit:viewNameRef>
						</spirit:wireTypeDef>
					</spirit:wireTypeDefs>
					<spirit:driver>
						<spirit:defaultValue>0</spirit:defaultValue>
					</spirit:driver>
				</spirit:wire>
				<spirit:vendorExtensions>
					<xilinx:portInfo>
						<xilinx:enablement>
							<xilinx:presence>optional</xilinx:presence>
							<xilinx:isEnabled xilinx:resolve="dependent"
									xilinx:dependency="(spirit:decode(id(&apos;MODELPARAM_VALUE.C_HAS_AXI4_LITE&apos;)) >= 1)">true</xilinx:isEnabled>
						</xilinx:enablement>
					</xilinx:portInfo>
				</spirit:vendorExtensions>
			</spirit:port>
			<spirit:port>
				<spirit:name>s_axi_arvalid</spirit:name>
				<spirit:wire>
					<spirit:direction>in</spirit:direction>
					<spirit:wireTypeDefs>
						<spirit:wireTypeDef>
							<spirit:typeName>std_logic</spirit:typeName>
							<spirit:viewNameRef>dummy_view</spirit:viewNameRef>
						</spirit:wireTypeDef>
					</spirit:wireTypeDefs>
					<spirit:driver>
						<spirit:defaultValue>0</spirit:defaultValue>
					</spirit:driver>
				</spirit:wire>
				<spirit:vendorExtensions>
					<xilinx:portInfo>
						<xilinx:enablement>
							<xilinx:presence>optional</xilinx:presence>
							<xilinx:isEnabled xilinx:resolve="dependent"
									xilinx:dependency="(spirit:decode(id(&apos;MODELPARAM_VALUE.C_HAS_AXI4_LITE&apos;)) >= 1)">true</xilinx:isEnabled>
						</xilinx:enablement>
					</xilinx:portInfo>
				</spirit:vendorExtensions>
			</spirit:port>
			<spirit:port>
				<spirit:name>s_axi_arready</spirit:name>
				<spirit:wire>
					<spirit:direction>out</spirit:direction>
					<spirit:wireTypeDefs>
						<spirit:wireTypeDef>
							<spirit:typeName>std_logic</spirit:typeName>
							<spirit:viewNameRef>dummy_view</spirit:viewNameRef>
						</spirit:wireTypeDef>
					</spirit:wireTypeDefs>
				</spirit:wire>
				<spirit:vendorExtensions>
					<xilinx:portInfo>
						<xilinx:enablement>
							<xilinx:presence>optional</xilinx:presence>
							<xilinx:isEnabled xilinx:resolve="dependent"
									xilinx:dependency="(spirit:decode(id(&apos;MODELPARAM_VALUE.C_HAS_AXI4_LITE&apos;)) >= 1)">true</xilinx:isEnabled>
						</xilinx:enablement>
					</xilinx:portInfo>
				</spirit:vendorExtensions>
			</spirit:port>
			<spirit:port>
				<spirit:name>s_axi_rdata</spirit:name>
				<spirit:wire>
					<spirit:direction>out</spirit:direction>
					<spirit:vector>
						<spirit:left>31</spirit:left>
						<spirit:right>0</spirit:right>
					</spirit:vector>
					<spirit:wireTypeDefs>
						<spirit:wireTypeDef>
							<spirit:typeName>std_logic_vector</spirit:typeName>
							<spirit:viewNameRef>dummy_view</spirit:viewNameRef>
						</spirit:wireTypeDef>
					</spirit:wireTypeDefs>
				</spirit:wire>
				<spirit:vendorExtensions>
					<xilinx:portInfo>
						<xilinx:enablement>
							<xilinx:presence>optional</xilinx:presence>
							<xilinx:isEnabled xilinx:resolve="dependent"
									xilinx:dependency="(spirit:decode(id(&apos;MODELPARAM_VALUE.C_HAS_AXI4_LITE&apos;)) >= 1)">true</xilinx:isEnabled>
						</xilinx:enablement>
					</xilinx:portInfo>
				</spirit:vendorExtensions>
			</spirit:port>
			<spirit:port>
				<spirit:name>s_axi_rresp</spirit:name>
				<spirit:wire>
					<spirit:direction>out</spirit:direction>
					<spirit:vector>
						<spirit:left>1</spirit:left>
						<spirit:right>0</spirit:right>
					</spirit:vector>
					<spirit:wireTypeDefs>
						<spirit:wireTypeDef>
							<spirit:typeName>std_logic_vector</spirit:typeName>
							<spirit:viewNameRef>dummy_view</spirit:viewNameRef>
						</spirit:wireTypeDef>
					</spirit:wireTypeDefs>
				</spirit:wire>
				<spirit:vendorExtensions>
					<xilinx:portInfo>
						<xilinx:enablement>
							<xilinx:presence>optional</xilinx:presence>
							<xilinx:isEnabled xilinx:resolve="dependent"
									xilinx:dependency="(spirit:decode(id(&apos;MODELPARAM_VALUE.C_HAS_AXI4_LITE&apos;)) >= 1)">true</xilinx:isEnabled>
						</xilinx:enablement>
					</xilinx:portInfo>
				</spirit:vendorExtensions>
			</spirit:port>
			<spirit:port>
				<spirit:name>s_axi_rvalid</spirit:name>
				<spirit:wire>
					<spirit:direction>out</spirit:direction>
					<spirit:wireTypeDefs>
						<spirit:wireTypeDef>
							<spirit:typeName>std_logic</spirit:typeName>
							<spirit:viewNameRef>dummy_view</spirit:viewNameRef>
						</spirit:wireTypeDef>
					</spirit:wireTypeDefs>
				</spirit:wire>
				<spirit:vendorExtensions>
					<xilinx:portInfo>
						<xilinx:enablement>
							<xilinx:presence>optional</xilinx:presence>
							<xilinx:isEnabled xilinx:resolve="dependent"
									xilinx:dependency="(spirit:decode(id(&apos;MODELPARAM_VALUE.C_HAS_AXI4_LITE&apos;)) >= 1)">true</xilinx:isEnabled>
						</xilinx:enablement>
					</xilinx:portInfo>
				</spirit:vendorExtensions>
			</spirit:port>
			<spirit:port>
				<spirit:name>s_axi_rready</spirit:name>
				<spirit:wire>
					<spirit:direction>in</spirit:direction>
					<spirit:wireTypeDefs>
						<spirit:wireTypeDef>
							<spirit:typeName>std_logic</spirit:typeName>
							<spirit:viewNameRef>dummy_view</spirit:viewNameRef>
						</spirit:wireTypeDef>
					</spirit:wireTypeDefs>
					<spirit:driver>
						<spirit:defaultValue>0</spirit:defaultValue>
					</spirit:driver>
				</spirit:wire>
				<spirit:vendorExtensions>
					<xilinx:portInfo>
						<xilinx:enablement>
							<xilinx:presence>optional</xilinx:presence>
							<xilinx:isEnabled xilinx:resolve="dependent"
									xilinx:dependency="(spirit:decode(id(&apos;MODELPARAM_VALUE.C_HAS_AXI4_LITE&apos;)) >= 1)">true</xilinx:isEnabled>
						</xilinx:enablement>
					</xilinx:portInfo>
				</spirit:vendorExtensions>
			</spirit:port>
		</spirit:ports>
		<spirit:modelParameters>
			<spirit:modelParameter xsi:type="spirit:nameValueTypeType"
					spirit:dataType="integer">
				<spirit:name>C_S_AXIS_VIDEO_DATA_WIDTH</spirit:name>
				<spirit:value spirit:format="long"
						spirit:resolve="generated"
						spirit:id="MODELPARAM_VALUE.C_S_AXIS_VIDEO_DATA_WIDTH"
						spirit:minimum="8"
						spirit:maximum="12">8</spirit:value>
			</spirit:modelParameter>
			<spirit:modelParameter spirit:dataType="integer">
				<spirit:name>C_M_AXIS_VIDEO_DATA_WIDTH</spirit:name>
				<spirit:value spirit:format="long"
						spirit:resolve="generated"
						spirit:id="MODELPARAM_VALUE.C_M_AXIS_VIDEO_DATA_WIDTH"
						spirit:minimum="8"
						spirit:maximum="12">8</spirit:value>
			</spirit:modelParameter>
			<spirit:modelParameter spirit:dataType="integer">
				<spirit:name>C_S_AXIS_VIDEO_TDATA_WIDTH</spirit:name>
				<spirit:value spirit:format="long"
						spirit:resolve="generated"
						spirit:id="MODELPARAM_VALUE.C_S_AXIS_VIDEO_TDATA_WIDTH"
						spirit:minimum="8"
						spirit:maximum="40">24</spirit:value>
			</spirit:modelParameter>
			<spirit:modelParameter spirit:dataType="integer">
				<spirit:name>C_M_AXIS_VIDEO_TDATA_WIDTH</spirit:name>
				<spirit:value spirit:format="long"
						spirit:resolve="generated"
						spirit:id="MODELPARAM_VALUE.C_M_AXIS_VIDEO_TDATA_WIDTH"
						spirit:minimum="8"
						spirit:maximum="40">16</spirit:value>
			</spirit:modelParameter>
			<spirit:modelParameter spirit:dataType="integer">
				<spirit:name>C_S_AXIS_VIDEO_FORMAT</spirit:name>
				<spirit:value spirit:format="long"
						spirit:resolve="generated"
						spirit:id="MODELPARAM_VALUE.C_S_AXIS_VIDEO_FORMAT"
						spirit:minimum="0"
						spirit:maximum="15">1</spirit:value>
			</spirit:modelParameter>
			<spirit:modelParameter spirit:dataType="integer">
				<spirit:name>C_M_AXIS_VIDEO_FORMAT</spirit:name>
				<spirit:value spirit:format="long"
						spirit:resolve="generated"
						spirit:id="MODELPARAM_VALUE.C_M_AXIS_VIDEO_FORMAT"
						spirit:minimum="0"
						spirit:maximum="15">0</spirit:value>
			</spirit:modelParameter>
			<spirit:modelParameter spirit:dataType="integer">
				<spirit:name>C_S_AXI_CLK_FREQ_HZ</spirit:name>
				<spirit:value spirit:format="long"
						spirit:resolve="generated"
						spirit:id="MODELPARAM_VALUE.C_S_AXI_CLK_FREQ_HZ">100000000</spirit:value>
			</spirit:modelParameter>
			<spirit:modelParameter spirit:dataType="integer">
				<spirit:name>C_HAS_AXI4_LITE</spirit:name>
				<spirit:value spirit:format="long"
						spirit:resolve="generated"
						spirit:id="MODELPARAM_VALUE.C_HAS_AXI4_LITE"
						spirit:minimum="0"
						spirit:maximum="1">1</spirit:value>
			</spirit:modelParameter>
			<spirit:modelParameter spirit:dataType="integer">
				<spirit:name>C_HAS_INTC_IF</spirit:name>
				<spirit:value spirit:format="long"
						spirit:resolve="generated"
						spirit:id="MODELPARAM_VALUE.C_HAS_INTC_IF"
						spirit:minimum="0"
						spirit:maximum="1">0</spirit:value>
			</spirit:modelParameter>
			<spirit:modelParameter spirit:dataType="integer">
				<spirit:name>C_HAS_DEBUG</spirit:name>
				<spirit:value spirit:format="long"
						spirit:resolve="generated"
						spirit:id="MODELPARAM_VALUE.C_HAS_DEBUG"
						spirit:minimum="0"
						spirit:maximum="1">0</spirit:value>
			</spirit:modelParameter>
			<spirit:modelParameter spirit:dataType="string">
				<spirit:name>C_FAMILY</spirit:name>
				<spirit:value spirit:format="string"
						spirit:resolve="generated"
						spirit:id="MODELPARAM_VALUE.C_FAMILY">kintex7</spirit:value>
			</spirit:modelParameter>
			<spirit:modelParameter spirit:dataType="integer">
				<spirit:name>C_MAX_COLS</spirit:name>
				<spirit:value spirit:format="long"
						spirit:resolve="generated"
						spirit:id="MODELPARAM_VALUE.C_MAX_COLS"
						spirit:minimum="32"
						spirit:maximum="7680">1920</spirit:value>
			</spirit:modelParameter>
			<spirit:modelParameter spirit:dataType="integer">
				<spirit:name>C_ACTIVE_COLS</spirit:name>
				<spirit:value spirit:format="long"
						spirit:resolve="generated"
						spirit:id="MODELPARAM_VALUE.C_ACTIVE_COLS"
						spirit:minimum="32"
						spirit:maximum="7680">1920</spirit:value>
			</spirit:modelParameter>
			<spirit:modelParameter spirit:dataType="integer">
				<spirit:name>C_ACTIVE_ROWS</spirit:name>
				<spirit:value spirit:format="long"
						spirit:resolve="generated"
						spirit:id="MODELPARAM_VALUE.C_ACTIVE_ROWS"
						spirit:minimum="32"
						spirit:maximum="7680">1080</spirit:value>
			</spirit:modelParameter>
			<spirit:modelParameter spirit:dataType="integer">
				<spirit:name>C_CHROMA_PARITY</spirit:name>
				<spirit:value spirit:format="long"
						spirit:resolve="generated"
						spirit:id="MODELPARAM_VALUE.C_CHROMA_PARITY">1</spirit:value>
			</spirit:modelParameter>
			<spirit:modelParameter spirit:dataType="integer">
				<spirit:name>C_FIELD_PARITY</spirit:name>
				<spirit:value spirit:format="long"
						spirit:resolve="generated"
						spirit:id="MODELPARAM_VALUE.C_FIELD_PARITY">1</spirit:value>
			</spirit:modelParameter>
			<spirit:modelParameter spirit:dataType="integer">
				<spirit:name>C_INTERLACED</spirit:name>
				<spirit:value spirit:format="long"
						spirit:resolve="generated"
						spirit:id="MODELPARAM_VALUE.C_INTERLACED">0</spirit:value>
			</spirit:modelParameter>
			<spirit:modelParameter spirit:dataType="integer">
				<spirit:name>C_NUM_H_TAPS</spirit:name>
				<spirit:value spirit:format="long"
						spirit:resolve="generated"
						spirit:id="MODELPARAM_VALUE.C_NUM_H_TAPS">3</spirit:value>
			</spirit:modelParameter>
			<spirit:modelParameter spirit:dataType="integer">
				<spirit:name>C_NUM_V_TAPS</spirit:name>
				<spirit:value spirit:format="long"
						spirit:resolve="generated"
						spirit:id="MODELPARAM_VALUE.C_NUM_V_TAPS">0</spirit:value>
			</spirit:modelParameter>
			<spirit:modelParameter spirit:dataType="integer">
				<spirit:name>C_CONVERT_TYPE</spirit:name>
				<spirit:value spirit:format="long"
						spirit:resolve="generated"
						spirit:id="MODELPARAM_VALUE.C_CONVERT_TYPE">1</spirit:value>
			</spirit:modelParameter>
			<spirit:modelParameter spirit:dataType="integer">
				<spirit:name>C_COEF_WIDTH</spirit:name>
				<spirit:value spirit:format="long"
						spirit:resolve="generated"
						spirit:id="MODELPARAM_VALUE.C_COEF_WIDTH">16</spirit:value>
			</spirit:modelParameter>
		</spirit:modelParameters>
	</spirit:model>
	<spirit:choices>
		<spirit:choice>
			<spirit:name>choices_0</spirit:name>
			<spirit:enumeration spirit:text="8">8</spirit:enumeration>
			<spirit:enumeration spirit:text="10">10</spirit:enumeration>
			<spirit:enumeration spirit:text="12">12</spirit:enumeration>
		</spirit:choice>
		<spirit:choice>
			<spirit:name>choices_1</spirit:name>
			<spirit:enumeration spirit:text="YCbCr 444">3</spirit:enumeration>
			<spirit:enumeration spirit:text="YCbCr 422">2</spirit:enumeration>
			<spirit:enumeration spirit:text="YCbCr 420">1</spirit:enumeration>
		</spirit:choice>
		<spirit:choice>
			<spirit:name>choices_2</spirit:name>
			<spirit:enumeration spirit:text="YCbCr 422">2</spirit:enumeration>
			<spirit:enumeration spirit:text="YCbCr 420">1</spirit:enumeration>
		</spirit:choice>
		<spirit:choice>
			<spirit:name>choices_3</spirit:name>
			<spirit:enumeration spirit:text="odd">odd</spirit:enumeration>
			<spirit:enumeration spirit:text="even">even</spirit:enumeration>
		</spirit:choice>
		<spirit:choice>
			<spirit:name>choices_4</spirit:name>
			<spirit:enumeration spirit:text="odd">odd</spirit:enumeration>
			<spirit:enumeration spirit:text="even">even</spirit:enumeration>
		</spirit:choice>
		<spirit:choice>
			<spirit:name>choices_5</spirit:name>
			<spirit:enumeration spirit:text="User Defined Filter">0</spirit:enumeration>
			<spirit:enumeration spirit:text="Fixed Coefficient Low Pass Filtering">1</spirit:enumeration>
			<spirit:enumeration spirit:text="Drop/Replicate Samples">2</spirit:enumeration>
		</spirit:choice>
		<spirit:choice>
			<spirit:name>choices_6</spirit:name>
			<spirit:enumeration spirit:text="3">3</spirit:enumeration>
			<spirit:enumeration spirit:text="5">5</spirit:enumeration>
			<spirit:enumeration spirit:text="7">7</spirit:enumeration>
			<spirit:enumeration spirit:text="9">9</spirit:enumeration>
			<spirit:enumeration spirit:text="11">11</spirit:enumeration>
			<spirit:enumeration spirit:text="13">13</spirit:enumeration>
			<spirit:enumeration spirit:text="15">15</spirit:enumeration>
			<spirit:enumeration spirit:text="17">17</spirit:enumeration>
			<spirit:enumeration spirit:text="19">19</spirit:enumeration>
			<spirit:enumeration spirit:text="21">21</spirit:enumeration>
			<spirit:enumeration spirit:text="23">23</spirit:enumeration>
		</spirit:choice>
		<spirit:choice>
			<spirit:name>choices_7</spirit:name>
			<spirit:enumeration spirit:text="0">0</spirit:enumeration>
		</spirit:choice>
	</spirit:choices>
	<spirit:description>The Xilinx Chroma Resampler LogiCORE provides users with an easy-to-use IP block for converting between chroma subsampling formats of 4:4:4, 4:2:2, and 4:2:0.</spirit:description>
	<spirit:parameters>
		<spirit:parameter>
			<spirit:name>Component_Name</spirit:name>
			<spirit:value spirit:resolve="user"
					spirit:id="PARAM_VALUE.Component_Name"
					spirit:order="1">design_1_v_cresample_0_0</spirit:value>
		</spirit:parameter>
		<spirit:parameter>
			<spirit:name>s_axis_video_data_width</spirit:name>
			<spirit:value spirit:resolve="user"
					spirit:id="PARAM_VALUE.s_axis_video_data_width"
					spirit:choiceRef="choices_0"
					spirit:order="1000"
					spirit:configGroups="1 NoDisplay">8</spirit:value>
		</spirit:parameter>
		<spirit:parameter>
			<spirit:name>has_axi4_lite</spirit:name>
			<spirit:value spirit:format="bool"
					spirit:resolve="user"
					spirit:id="PARAM_VALUE.has_axi4_lite"
					spirit:order="1100"
					spirit:configGroups="1 NoDisplay">true</spirit:value>
		</spirit:parameter>
		<spirit:parameter>
			<spirit:name>has_debug</spirit:name>
			<spirit:value spirit:format="bool"
					spirit:resolve="user"
					spirit:id="PARAM_VALUE.has_debug"
					spirit:order="1200"
					spirit:configGroups="1 NoDisplay">false</spirit:value>
		</spirit:parameter>
		<spirit:parameter>
			<spirit:name>has_intc_if</spirit:name>
			<spirit:value spirit:format="bool"
					spirit:resolve="user"
					spirit:id="PARAM_VALUE.has_intc_if"
					spirit:order="1300"
					spirit:configGroups="1 NoDisplay">false</spirit:value>
		</spirit:parameter>
		<spirit:parameter>
			<spirit:name>active_cols</spirit:name>
			<spirit:value spirit:format="long"
					spirit:resolve="user"
					spirit:id="PARAM_VALUE.active_cols"
					spirit:order="1400"
					spirit:configGroups="1 NoDisplay"
					spirit:minimum="32"
					spirit:maximum="7680">1920</spirit:value>
		</spirit:parameter>
		<spirit:parameter>
			<spirit:name>active_rows</spirit:name>
			<spirit:value spirit:format="long"
					spirit:resolve="user"
					spirit:id="PARAM_VALUE.active_rows"
					spirit:order="1500"
					spirit:configGroups="1 NoDisplay"
					spirit:minimum="32"
					spirit:maximum="7680">1080</spirit:value>
		</spirit:parameter>
		<spirit:parameter>
			<spirit:name>max_cols</spirit:name>
			<spirit:value spirit:format="long"
					spirit:resolve="user"
					spirit:id="PARAM_VALUE.max_cols"
					spirit:order="1600"
					spirit:configGroups="1 NoDisplay"
					spirit:minimum="1920"
					spirit:maximum="7680">1920</spirit:value>
		</spirit:parameter>
		<spirit:parameter>
			<spirit:name>s_axis_video_format</spirit:name>
			<spirit:value spirit:resolve="user"
					spirit:id="PARAM_VALUE.s_axis_video_format"
					spirit:choiceRef="choices_1"
					spirit:order="1700"
					spirit:configGroups="1 NoDisplay">3</spirit:value>
		</spirit:parameter>
		<spirit:parameter>
			<spirit:name>m_axis_video_format</spirit:name>
			<spirit:value spirit:resolve="user"
					spirit:id="PARAM_VALUE.m_axis_video_format"
					spirit:choiceRef="choices_2"
					spirit:order="1800"
					spirit:configGroups="1 NoDisplay">2</spirit:value>
		</spirit:parameter>
		<spirit:parameter>
			<spirit:name>chroma_parity</spirit:name>
			<spirit:value spirit:resolve="user"
					spirit:id="PARAM_VALUE.chroma_parity"
					spirit:choiceRef="choices_3"
					spirit:order="1900"
					spirit:configGroups="1 NoDisplay">odd</spirit:value>
		</spirit:parameter>
		<spirit:parameter>
			<spirit:name>interlaced</spirit:name>
			<spirit:value spirit:format="bool"
					spirit:resolve="user"
					spirit:id="PARAM_VALUE.interlaced"
					spirit:order="2000"
					spirit:configGroups="1 NoDisplay">false</spirit:value>
		</spirit:parameter>
		<spirit:parameter>
			<spirit:name>field_parity</spirit:name>
			<spirit:value spirit:resolve="user"
					spirit:id="PARAM_VALUE.field_parity"
					spirit:choiceRef="choices_4"
					spirit:order="2100"
					spirit:configGroups="1 NoDisplay">odd</spirit:value>
		</spirit:parameter>
		<spirit:parameter>
			<spirit:name>convert_type</spirit:name>
			<spirit:value spirit:resolve="user"
					spirit:id="PARAM_VALUE.convert_type"
					spirit:choiceRef="choices_5"
					spirit:order="2200"
					spirit:configGroups="1 NoDisplay">1</spirit:value>
		</spirit:parameter>
		<spirit:parameter>
			<spirit:name>num_h_taps</spirit:name>
			<spirit:value spirit:resolve="user"
					spirit:id="PARAM_VALUE.num_h_taps"
					spirit:choiceRef="choices_6"
					spirit:order="2300"
					spirit:configGroups="1 NoDisplay">3</spirit:value>
		</spirit:parameter>
		<spirit:parameter>
			<spirit:name>num_v_taps</spirit:name>
			<spirit:value spirit:resolve="user"
					spirit:id="PARAM_VALUE.num_v_taps"
					spirit:choiceRef="choices_7"
					spirit:order="2400"
					spirit:configGroups="1 NoDisplay">0</spirit:value>
		</spirit:parameter>
	</spirit:parameters>
	<spirit:vendorExtensions>
		<xilinx:coreExtensions>
			<xilinx:supportedFamilies>
				<xilinx:family xilinx:lifeCycle="Production">artix7</xilinx:family>
				<xilinx:family xilinx:lifeCycle="Production">artix7l</xilinx:family>
				<xilinx:family xilinx:lifeCycle="Production">azynq</xilinx:family>
				<xilinx:family xilinx:lifeCycle="Production">kintex7</xilinx:family>
				<xilinx:family xilinx:lifeCycle="Production">kintex7l</xilinx:family>
				<xilinx:family xilinx:lifeCycle="Pre-Production">kintex8</xilinx:family>
				<xilinx:family xilinx:lifeCycle="Production">virtex7</xilinx:family>
				<xilinx:family xilinx:lifeCycle="Beta">virtex8</xilinx:family>
				<xilinx:family xilinx:lifeCycle="Production">zynq</xilinx:family>
			</xilinx:supportedFamilies>
			<xilinx:taxonomies>
				<xilinx:taxonomy>/Video_&amp;_Image_Processing</xilinx:taxonomy>
			</xilinx:taxonomies>
			<xilinx:displayName>Chroma Resampler</xilinx:displayName>
			<xilinx:vendorURL>http://www.xilinx.com/products/intellectual-property/EF-DI-CHROM-RESAMP.htm</xilinx:vendorURL>
			<xilinx:coreRevision>3</xilinx:coreRevision>
			<xilinx:licenseKeys>
				<xilinx:licenseKey>v_cresample@2013.03</xilinx:licenseKey>
			</xilinx:licenseKeys>
			<xilinx:paymentRequired>true</xilinx:paymentRequired>
			<xilinx:upgrades>
				<xilinx:canUpgradeFrom>xilinx.com:ip:v_cresample:3.01.a</xilinx:canUpgradeFrom>
			</xilinx:upgrades>
			<xilinx:coreCreationDateTime>2013-12-02T19:28:43Z</xilinx:coreCreationDateTime>
		</xilinx:coreExtensions>
		<xilinx:packagingInfo>
			<xilinx:xilinxVersion>2013.4</xilinx:xilinxVersion>
		</xilinx:packagingInfo>
	</spirit:vendorExtensions>
</spirit:component>
