<?xml version="1.0" encoding="UTF-8"?>
<spirit:component xmlns:xilinx="http://www.xilinx.com"
		xmlns:spirit="http://www.spiritconsortium.org/XMLSchema/SPIRIT/1685-2009"
		xmlns:xsi="http://www.w3.org/2001/XMLSchema-instance">
	<spirit:vendor>xilinx.com</spirit:vendor>
	<spirit:library>customized_ip</spirit:library>
	<spirit:name>design_1_v_rgb2ycrcb_0_0</spirit:name>
	<spirit:version>1.0</spirit:version>
	<spirit:busInterfaces>
		<spirit:busInterface>
			<spirit:name>ctrl</spirit:name>
			<spirit:displayName>CTRL</spirit:displayName>
			<spirit:busType spirit:vendor="xilinx.com"
					spirit:library="interface"
					spirit:name="aximm"
					spirit:version="1.0"/>
			<spirit:abstractionType spirit:vendor="xilinx.com"
					spirit:library="interface"
					spirit:name="aximm_rtl"
					spirit:version="1.0"/>
			<spirit:slave/>
			<spirit:portMaps>
				<spirit:portMap>
					<spirit:logicalPort>
						<spirit:name>ARREADY</spirit:name>
					</spirit:logicalPort>
					<spirit:physicalPort>
						<spirit:name>s_axi_arready</spirit:name>
					</spirit:physicalPort>
				</spirit:portMap>
				<spirit:portMap>
					<spirit:logicalPort>
						<spirit:name>AWVALID</spirit:name>
					</spirit:logicalPort>
					<spirit:physicalPort>
						<spirit:name>s_axi_awvalid</spirit:name>
					</spirit:physicalPort>
				</spirit:portMap>
				<spirit:portMap>
					<spirit:logicalPort>
						<spirit:name>WDATA</spirit:name>
					</spirit:logicalPort>
					<spirit:physicalPort>
						<spirit:name>s_axi_wdata</spirit:name>
					</spirit:physicalPort>
				</spirit:portMap>
				<spirit:portMap>
					<spirit:logicalPort>
						<spirit:name>RDATA</spirit:name>
					</spirit:logicalPort>
					<spirit:physicalPort>
						<spirit:name>s_axi_rdata</spirit:name>
					</spirit:physicalPort>
				</spirit:portMap>
				<spirit:portMap>
					<spirit:logicalPort>
						<spirit:name>RREADY</spirit:name>
					</spirit:logicalPort>
					<spirit:physicalPort>
						<spirit:name>s_axi_rready</spirit:name>
					</spirit:physicalPort>
				</spirit:portMap>
				<spirit:portMap>
					<spirit:logicalPort>
						<spirit:name>AWREADY</spirit:name>
					</spirit:logicalPort>
					<spirit:physicalPort>
						<spirit:name>s_axi_awready</spirit:name>
					</spirit:physicalPort>
				</spirit:portMap>
				<spirit:portMap>
					<spirit:logicalPort>
						<spirit:name>BREADY</spirit:name>
					</spirit:logicalPort>
					<spirit:physicalPort>
						<spirit:name>s_axi_bready</spirit:name>
					</spirit:physicalPort>
				</spirit:portMap>
				<spirit:portMap>
					<spirit:logicalPort>
						<spirit:name>AWADDR</spirit:name>
					</spirit:logicalPort>
					<spirit:physicalPort>
						<spirit:name>s_axi_awaddr</spirit:name>
					</spirit:physicalPort>
				</spirit:portMap>
				<spirit:portMap>
					<spirit:logicalPort>
						<spirit:name>ARADDR</spirit:name>
					</spirit:logicalPort>
					<spirit:physicalPort>
						<spirit:name>s_axi_araddr</spirit:name>
					</spirit:physicalPort>
				</spirit:portMap>
				<spirit:portMap>
					<spirit:logicalPort>
						<spirit:name>BVALID</spirit:name>
					</spirit:logicalPort>
					<spirit:physicalPort>
						<spirit:name>s_axi_bvalid</spirit:name>
					</spirit:physicalPort>
				</spirit:portMap>
				<spirit:portMap>
					<spirit:logicalPort>
						<spirit:name>RRESP</spirit:name>
					</spirit:logicalPort>
					<spirit:physicalPort>
						<spirit:name>s_axi_rresp</spirit:name>
					</spirit:physicalPort>
				</spirit:portMap>
				<spirit:portMap>
					<spirit:logicalPort>
						<spirit:name>WSTRB</spirit:name>
					</spirit:logicalPort>
					<spirit:physicalPort>
						<spirit:name>s_axi_wstrb</spirit:name>
					</spirit:physicalPort>
				</spirit:portMap>
				<spirit:portMap>
					<spirit:logicalPort>
						<spirit:name>BRESP</spirit:name>
					</spirit:logicalPort>
					<spirit:physicalPort>
						<spirit:name>s_axi_bresp</spirit:name>
					</spirit:physicalPort>
				</spirit:portMap>
				<spirit:portMap>
					<spirit:logicalPort>
						<spirit:name>WVALID</spirit:name>
					</spirit:logicalPort>
					<spirit:physicalPort>
						<spirit:name>s_axi_wvalid</spirit:name>
					</spirit:physicalPort>
				</spirit:portMap>
				<spirit:portMap>
					<spirit:logicalPort>
						<spirit:name>ARVALID</spirit:name>
					</spirit:logicalPort>
					<spirit:physicalPort>
						<spirit:name>s_axi_arvalid</spirit:name>
					</spirit:physicalPort>
				</spirit:portMap>
				<spirit:portMap>
					<spirit:logicalPort>
						<spirit:name>RVALID</spirit:name>
					</spirit:logicalPort>
					<spirit:physicalPort>
						<spirit:name>s_axi_rvalid</spirit:name>
					</spirit:physicalPort>
				</spirit:portMap>
				<spirit:portMap>
					<spirit:logicalPort>
						<spirit:name>WREADY</spirit:name>
					</spirit:logicalPort>
					<spirit:physicalPort>
						<spirit:name>s_axi_wready</spirit:name>
					</spirit:physicalPort>
				</spirit:portMap>
			</spirit:portMaps>
			<spirit:vendorExtensions>
				<xilinx:busInterfaceInfo>
					<xilinx:enablement>
						<xilinx:presence>optional</xilinx:presence>
						<xilinx:isEnabled xilinx:resolve="dependent"
								xilinx:dependency="(spirit:decode(id(&apos;MODELPARAM_VALUE.C_HAS_AXI4_LITE&apos;)) >= 1)">true</xilinx:isEnabled>
					</xilinx:enablement>
				</xilinx:busInterfaceInfo>
			</spirit:vendorExtensions>
		</spirit:busInterface>
		<spirit:busInterface>
			<spirit:name>video_out</spirit:name>
			<spirit:displayName>VIDEO_OUT</spirit:displayName>
			<spirit:busType spirit:vendor="xilinx.com"
					spirit:library="interface"
					spirit:name="axis"
					spirit:version="1.0"/>
			<spirit:abstractionType spirit:vendor="xilinx.com"
					spirit:library="interface"
					spirit:name="axis_rtl"
					spirit:version="1.0"/>
			<spirit:master/>
			<spirit:portMaps>
				<spirit:portMap>
					<spirit:logicalPort>
						<spirit:name>TLAST</spirit:name>
					</spirit:logicalPort>
					<spirit:physicalPort>
						<spirit:name>m_axis_video_tlast</spirit:name>
					</spirit:physicalPort>
				</spirit:portMap>
				<spirit:portMap>
					<spirit:logicalPort>
						<spirit:name>TUSER</spirit:name>
					</spirit:logicalPort>
					<spirit:physicalPort>
						<spirit:name>m_axis_video_tuser_sof</spirit:name>
					</spirit:physicalPort>
				</spirit:portMap>
				<spirit:portMap>
					<spirit:logicalPort>
						<spirit:name>TDATA</spirit:name>
					</spirit:logicalPort>
					<spirit:physicalPort>
						<spirit:name>m_axis_video_tdata</spirit:name>
					</spirit:physicalPort>
				</spirit:portMap>
				<spirit:portMap>
					<spirit:logicalPort>
						<spirit:name>TVALID</spirit:name>
					</spirit:logicalPort>
					<spirit:physicalPort>
						<spirit:name>m_axis_video_tvalid</spirit:name>
					</spirit:physicalPort>
				</spirit:portMap>
				<spirit:portMap>
					<spirit:logicalPort>
						<spirit:name>TREADY</spirit:name>
					</spirit:logicalPort>
					<spirit:physicalPort>
						<spirit:name>m_axis_video_tready</spirit:name>
					</spirit:physicalPort>
				</spirit:portMap>
			</spirit:portMaps>
		</spirit:busInterface>
		<spirit:busInterface>
			<spirit:name>video_in</spirit:name>
			<spirit:displayName>VIDEO_IN</spirit:displayName>
			<spirit:busType spirit:vendor="xilinx.com"
					spirit:library="interface"
					spirit:name="axis"
					spirit:version="1.0"/>
			<spirit:abstractionType spirit:vendor="xilinx.com"
					spirit:library="interface"
					spirit:name="axis_rtl"
					spirit:version="1.0"/>
			<spirit:slave/>
			<spirit:portMaps>
				<spirit:portMap>
					<spirit:logicalPort>
						<spirit:name>TLAST</spirit:name>
					</spirit:logicalPort>
					<spirit:physicalPort>
						<spirit:name>s_axis_video_tlast</spirit:name>
					</spirit:physicalPort>
				</spirit:portMap>
				<spirit:portMap>
					<spirit:logicalPort>
						<spirit:name>TUSER</spirit:name>
					</spirit:logicalPort>
					<spirit:physicalPort>
						<spirit:name>s_axis_video_tuser_sof</spirit:name>
					</spirit:physicalPort>
				</spirit:portMap>
				<spirit:portMap>
					<spirit:logicalPort>
						<spirit:name>TDATA</spirit:name>
					</spirit:logicalPort>
					<spirit:physicalPort>
						<spirit:name>s_axis_video_tdata</spirit:name>
					</spirit:physicalPort>
				</spirit:portMap>
				<spirit:portMap>
					<spirit:logicalPort>
						<spirit:name>TVALID</spirit:name>
					</spirit:logicalPort>
					<spirit:physicalPort>
						<spirit:name>s_axis_video_tvalid</spirit:name>
					</spirit:physicalPort>
				</spirit:portMap>
				<spirit:portMap>
					<spirit:logicalPort>
						<spirit:name>TREADY</spirit:name>
					</spirit:logicalPort>
					<spirit:physicalPort>
						<spirit:name>s_axis_video_tready</spirit:name>
					</spirit:physicalPort>
				</spirit:portMap>
			</spirit:portMaps>
		</spirit:busInterface>
		<spirit:busInterface>
			<spirit:name>aclk_intf</spirit:name>
			<spirit:busType spirit:vendor="xilinx.com"
					spirit:library="signal"
					spirit:name="clock"
					spirit:version="1.0"/>
			<spirit:abstractionType spirit:vendor="xilinx.com"
					spirit:library="signal"
					spirit:name="clock_rtl"
					spirit:version="1.0"/>
			<spirit:slave/>
			<spirit:portMaps>
				<spirit:portMap>
					<spirit:logicalPort>
						<spirit:name>CLK</spirit:name>
					</spirit:logicalPort>
					<spirit:physicalPort>
						<spirit:name>aclk</spirit:name>
					</spirit:physicalPort>
				</spirit:portMap>
			</spirit:portMaps>
			<spirit:parameters>
				<spirit:parameter>
					<spirit:name>ASSOCIATED_BUSIF</spirit:name>
					<spirit:value spirit:id="BUSIFPARAM_VALUE.ACLK_INTF.ASSOCIATED_BUSIF">video_in:video_out</spirit:value>
				</spirit:parameter>
				<spirit:parameter>
					<spirit:name>ASSOCIATED_RESET</spirit:name>
					<spirit:value spirit:id="BUSIFPARAM_VALUE.ACLK_INTF.ASSOCIATED_RESET">aresetn</spirit:value>
				</spirit:parameter>
				<spirit:parameter>
					<spirit:name>ASSOCIATED_CLKEN</spirit:name>
					<spirit:value spirit:id="BUSIFPARAM_VALUE.ACLK_INTF.ASSOCIATED_CLKEN">aclken</spirit:value>
				</spirit:parameter>
			</spirit:parameters>
		</spirit:busInterface>
		<spirit:busInterface>
			<spirit:name>s_axi_aclk_intf</spirit:name>
			<spirit:busType spirit:vendor="xilinx.com"
					spirit:library="signal"
					spirit:name="clock"
					spirit:version="1.0"/>
			<spirit:abstractionType spirit:vendor="xilinx.com"
					spirit:library="signal"
					spirit:name="clock_rtl"
					spirit:version="1.0"/>
			<spirit:slave/>
			<spirit:portMaps>
				<spirit:portMap>
					<spirit:logicalPort>
						<spirit:name>CLK</spirit:name>
					</spirit:logicalPort>
					<spirit:physicalPort>
						<spirit:name>s_axi_aclk</spirit:name>
					</spirit:physicalPort>
				</spirit:portMap>
			</spirit:portMaps>
			<spirit:parameters>
				<spirit:parameter>
					<spirit:name>ASSOCIATED_BUSIF</spirit:name>
					<spirit:value spirit:id="BUSIFPARAM_VALUE.S_AXI_ACLK_INTF.ASSOCIATED_BUSIF">ctrl</spirit:value>
				</spirit:parameter>
				<spirit:parameter>
					<spirit:name>ASSOCIATED_RESET</spirit:name>
					<spirit:value spirit:id="BUSIFPARAM_VALUE.S_AXI_ACLK_INTF.ASSOCIATED_RESET">s_axi_aresetn</spirit:value>
				</spirit:parameter>
				<spirit:parameter>
					<spirit:name>ASSOCIATED_CLKEN</spirit:name>
					<spirit:value spirit:id="BUSIFPARAM_VALUE.S_AXI_ACLK_INTF.ASSOCIATED_CLKEN">s_axi_aclken</spirit:value>
				</spirit:parameter>
			</spirit:parameters>
			<spirit:vendorExtensions>
				<xilinx:busInterfaceInfo>
					<xilinx:enablement>
						<xilinx:presence>optional</xilinx:presence>
						<xilinx:isEnabled xilinx:resolve="dependent"
								xilinx:dependency="(spirit:decode(id(&apos;MODELPARAM_VALUE.C_HAS_AXI4_LITE&apos;)) >= 1)">true</xilinx:isEnabled>
					</xilinx:enablement>
				</xilinx:busInterfaceInfo>
			</spirit:vendorExtensions>
		</spirit:busInterface>
		<spirit:busInterface>
			<spirit:name>aresetn_intf</spirit:name>
			<spirit:busType spirit:vendor="xilinx.com"
					spirit:library="signal"
					spirit:name="reset"
					spirit:version="1.0"/>
			<spirit:abstractionType spirit:vendor="xilinx.com"
					spirit:library="signal"
					spirit:name="reset_rtl"
					spirit:version="1.0"/>
			<spirit:slave/>
			<spirit:portMaps>
				<spirit:portMap>
					<spirit:logicalPort>
						<spirit:name>RST</spirit:name>
					</spirit:logicalPort>
					<spirit:physicalPort>
						<spirit:name>aresetn</spirit:name>
					</spirit:physicalPort>
				</spirit:portMap>
			</spirit:portMaps>
			<spirit:parameters>
				<spirit:parameter>
					<spirit:name>POLARITY</spirit:name>
					<spirit:value spirit:id="BUSIFPARAM_VALUE.ARESETN_INTF.POLARITY">ACTIVE_LOW</spirit:value>
					<spirit:vendorExtensions>
						<xilinx:parameterInfo>
							<xilinx:enablement>
								<xilinx:isEnabled xilinx:resolve="immediate">true</xilinx:isEnabled>
							</xilinx:enablement>
						</xilinx:parameterInfo>
					</spirit:vendorExtensions>
				</spirit:parameter>
			</spirit:parameters>
			<spirit:vendorExtensions>
				<xilinx:busInterfaceInfo>
					<xilinx:enablement>
						<xilinx:isEnabled xilinx:resolve="immediate">true</xilinx:isEnabled>
					</xilinx:enablement>
				</xilinx:busInterfaceInfo>
			</spirit:vendorExtensions>
		</spirit:busInterface>
		<spirit:busInterface>
			<spirit:name>s_axi_aresetn_intf</spirit:name>
			<spirit:busType spirit:vendor="xilinx.com"
					spirit:library="signal"
					spirit:name="reset"
					spirit:version="1.0"/>
			<spirit:abstractionType spirit:vendor="xilinx.com"
					spirit:library="signal"
					spirit:name="reset_rtl"
					spirit:version="1.0"/>
			<spirit:slave/>
			<spirit:portMaps>
				<spirit:portMap>
					<spirit:logicalPort>
						<spirit:name>RST</spirit:name>
					</spirit:logicalPort>
					<spirit:physicalPort>
						<spirit:name>s_axi_aresetn</spirit:name>
					</spirit:physicalPort>
				</spirit:portMap>
			</spirit:portMaps>
			<spirit:parameters>
				<spirit:parameter>
					<spirit:name>POLARITY</spirit:name>
					<spirit:value spirit:id="BUSIFPARAM_VALUE.S_AXI_ARESETN_INTF.POLARITY">ACTIVE_LOW</spirit:value>
					<spirit:vendorExtensions>
						<xilinx:parameterInfo>
							<xilinx:enablement>
								<xilinx:isEnabled xilinx:resolve="immediate">true</xilinx:isEnabled>
							</xilinx:enablement>
						</xilinx:parameterInfo>
					</spirit:vendorExtensions>
				</spirit:parameter>
			</spirit:parameters>
			<spirit:vendorExtensions>
				<xilinx:busInterfaceInfo>
					<xilinx:enablement>
						<xilinx:presence>optional</xilinx:presence>
						<xilinx:isEnabled xilinx:resolve="dependent"
								xilinx:dependency="(spirit:decode(id(&apos;MODELPARAM_VALUE.C_HAS_AXI4_LITE&apos;)) >= 1)">true</xilinx:isEnabled>
					</xilinx:enablement>
				</xilinx:busInterfaceInfo>
			</spirit:vendorExtensions>
		</spirit:busInterface>
		<spirit:busInterface>
			<spirit:name>aclken_intf</spirit:name>
			<spirit:busType spirit:vendor="xilinx.com"
					spirit:library="signal"
					spirit:name="clockenable"
					spirit:version="1.0"/>
			<spirit:abstractionType spirit:vendor="xilinx.com"
					spirit:library="signal"
					spirit:name="clockenable_rtl"
					spirit:version="1.0"/>
			<spirit:slave/>
			<spirit:portMaps>
				<spirit:portMap>
					<spirit:logicalPort>
						<spirit:name>CE</spirit:name>
					</spirit:logicalPort>
					<spirit:physicalPort>
						<spirit:name>aclken</spirit:name>
					</spirit:physicalPort>
				</spirit:portMap>
			</spirit:portMaps>
		</spirit:busInterface>
		<spirit:busInterface>
			<spirit:name>s_axi_aclken_intf</spirit:name>
			<spirit:busType spirit:vendor="xilinx.com"
					spirit:library="signal"
					spirit:name="clockenable"
					spirit:version="1.0"/>
			<spirit:abstractionType spirit:vendor="xilinx.com"
					spirit:library="signal"
					spirit:name="clockenable_rtl"
					spirit:version="1.0"/>
			<spirit:slave/>
			<spirit:portMaps>
				<spirit:portMap>
					<spirit:logicalPort>
						<spirit:name>CE</spirit:name>
					</spirit:logicalPort>
					<spirit:physicalPort>
						<spirit:name>s_axi_aclken</spirit:name>
					</spirit:physicalPort>
				</spirit:portMap>
			</spirit:portMaps>
			<spirit:vendorExtensions>
				<xilinx:busInterfaceInfo>
					<xilinx:enablement>
						<xilinx:presence>optional</xilinx:presence>
						<xilinx:isEnabled xilinx:resolve="dependent"
								xilinx:dependency="(spirit:decode(id(&apos;MODELPARAM_VALUE.C_HAS_AXI4_LITE&apos;)) >= 1)">true</xilinx:isEnabled>
					</xilinx:enablement>
				</xilinx:busInterfaceInfo>
			</spirit:vendorExtensions>
		</spirit:busInterface>
		<spirit:busInterface>
			<spirit:name>IRQ</spirit:name>
			<spirit:displayName>irq</spirit:displayName>
			<spirit:busType spirit:vendor="xilinx.com"
					spirit:library="signal"
					spirit:name="interrupt"
					spirit:version="1.0"/>
			<spirit:abstractionType spirit:vendor="xilinx.com"
					spirit:library="signal"
					spirit:name="interrupt_rtl"
					spirit:version="1.0"/>
			<spirit:master/>
			<spirit:portMaps>
				<spirit:portMap>
					<spirit:logicalPort>
						<spirit:name>INTERRUPT</spirit:name>
					</spirit:logicalPort>
					<spirit:physicalPort>
						<spirit:name>irq</spirit:name>
					</spirit:physicalPort>
				</spirit:portMap>
			</spirit:portMaps>
			<spirit:parameters>
				<spirit:parameter>
					<spirit:name>SENSITIVITY</spirit:name>
					<spirit:value spirit:format="string"
							spirit:resolve="immediate"
							spirit:id="INTERNALPARAM_VALUE.IRQ.SENSITIVITY">LEVEL_HIGH</spirit:value>
				</spirit:parameter>
			</spirit:parameters>
			<spirit:vendorExtensions>
				<xilinx:busInterfaceInfo>
					<xilinx:parameterAbstractionMaps>
						<xilinx:parameterAbstractionMap>
							<xilinx:parameterAbstractionType xilinx:vendor="xilinx.com"
									xilinx:library="paramabs.edk"
									xilinx:name="interrupt.slave"
									xilinx:version="1.0"/>
							<xilinx:parameterMap xilinx:logicalName="SENSITIVITY"
									xilinx:localID="INTERNALPARAM_VALUE.IRQ.SENSITIVITY"/>
						</xilinx:parameterAbstractionMap>
					</xilinx:parameterAbstractionMaps>
					<xilinx:enablement>
						<xilinx:presence>optional</xilinx:presence>
						<xilinx:isEnabled xilinx:resolve="dependent"
								xilinx:dependency="(spirit:decode(id(&apos;MODELPARAM_VALUE.C_HAS_AXI4_LITE&apos;)) >= 1)">true</xilinx:isEnabled>
					</xilinx:enablement>
				</xilinx:busInterfaceInfo>
			</spirit:vendorExtensions>
		</spirit:busInterface>
	</spirit:busInterfaces>
	<spirit:model>
		<spirit:ports>
			<spirit:port>
				<spirit:name>aclk</spirit:name>
				<spirit:wire>
					<spirit:direction>in</spirit:direction>
					<spirit:wireTypeDefs>
						<spirit:wireTypeDef>
							<spirit:typeName>std_logic</spirit:typeName>
							<spirit:viewNameRef>dummy_view</spirit:viewNameRef>
						</spirit:wireTypeDef>
					</spirit:wireTypeDefs>
				</spirit:wire>
				<spirit:vendorExtensions>
					<xilinx:portInfo>
						<xilinx:enablement>
							<xilinx:isEnabled>true</xilinx:isEnabled>
						</xilinx:enablement>
					</xilinx:portInfo>
				</spirit:vendorExtensions>
			</spirit:port>
			<spirit:port>
				<spirit:name>aclken</spirit:name>
				<spirit:wire>
					<spirit:direction>in</spirit:direction>
					<spirit:wireTypeDefs>
						<spirit:wireTypeDef>
							<spirit:typeName>std_logic</spirit:typeName>
							<spirit:viewNameRef>dummy_view</spirit:viewNameRef>
						</spirit:wireTypeDef>
					</spirit:wireTypeDefs>
					<spirit:driver>
						<spirit:defaultValue>1</spirit:defaultValue>
					</spirit:driver>
				</spirit:wire>
				<spirit:vendorExtensions>
					<xilinx:portInfo>
						<xilinx:enablement>
							<xilinx:isEnabled>true</xilinx:isEnabled>
						</xilinx:enablement>
					</xilinx:portInfo>
				</spirit:vendorExtensions>
			</spirit:port>
			<spirit:port>
				<spirit:name>aresetn</spirit:name>
				<spirit:wire>
					<spirit:direction>in</spirit:direction>
					<spirit:wireTypeDefs>
						<spirit:wireTypeDef>
							<spirit:typeName>std_logic</spirit:typeName>
							<spirit:viewNameRef>dummy_view</spirit:viewNameRef>
						</spirit:wireTypeDef>
					</spirit:wireTypeDefs>
					<spirit:driver>
						<spirit:defaultValue>1</spirit:defaultValue>
					</spirit:driver>
				</spirit:wire>
				<spirit:vendorExtensions>
					<xilinx:portInfo>
						<xilinx:enablement>
							<xilinx:isEnabled>true</xilinx:isEnabled>
						</xilinx:enablement>
					</xilinx:portInfo>
				</spirit:vendorExtensions>
			</spirit:port>
			<spirit:port>
				<spirit:name>s_axi_aclk</spirit:name>
				<spirit:wire>
					<spirit:direction>in</spirit:direction>
					<spirit:wireTypeDefs>
						<spirit:wireTypeDef>
							<spirit:typeName>std_logic</spirit:typeName>
							<spirit:viewNameRef>dummy_view</spirit:viewNameRef>
						</spirit:wireTypeDef>
					</spirit:wireTypeDefs>
				</spirit:wire>
				<spirit:vendorExtensions>
					<xilinx:portInfo>
						<xilinx:enablement>
							<xilinx:presence>optional</xilinx:presence>
							<xilinx:isEnabled xilinx:resolve="dependent"
									xilinx:dependency="(spirit:decode(id(&apos;MODELPARAM_VALUE.C_HAS_AXI4_LITE&apos;)) >= 1)">true</xilinx:isEnabled>
						</xilinx:enablement>
					</xilinx:portInfo>
				</spirit:vendorExtensions>
			</spirit:port>
			<spirit:port>
				<spirit:name>s_axi_aclken</spirit:name>
				<spirit:wire>
					<spirit:direction>in</spirit:direction>
					<spirit:wireTypeDefs>
						<spirit:wireTypeDef>
							<spirit:typeName>std_logic</spirit:typeName>
							<spirit:viewNameRef>dummy_view</spirit:viewNameRef>
						</spirit:wireTypeDef>
					</spirit:wireTypeDefs>
					<spirit:driver>
						<spirit:defaultValue spirit:format="bitString"
								spirit:bitStringLength="1">1</spirit:defaultValue>
					</spirit:driver>
				</spirit:wire>
				<spirit:vendorExtensions>
					<xilinx:portInfo>
						<xilinx:enablement>
							<xilinx:presence>optional</xilinx:presence>
							<xilinx:isEnabled xilinx:resolve="dependent"
									xilinx:dependency="(spirit:decode(id(&apos;MODELPARAM_VALUE.C_HAS_AXI4_LITE&apos;)) >= 1)">true</xilinx:isEnabled>
						</xilinx:enablement>
					</xilinx:portInfo>
				</spirit:vendorExtensions>
			</spirit:port>
			<spirit:port>
				<spirit:name>s_axi_aresetn</spirit:name>
				<spirit:wire>
					<spirit:direction>in</spirit:direction>
					<spirit:wireTypeDefs>
						<spirit:wireTypeDef>
							<spirit:typeName>std_logic</spirit:typeName>
							<spirit:viewNameRef>dummy_view</spirit:viewNameRef>
						</spirit:wireTypeDef>
					</spirit:wireTypeDefs>
					<spirit:driver>
						<spirit:defaultValue spirit:format="bitString"
								spirit:bitStringLength="1">1</spirit:defaultValue>
					</spirit:driver>
				</spirit:wire>
				<spirit:vendorExtensions>
					<xilinx:portInfo>
						<xilinx:enablement>
							<xilinx:presence>optional</xilinx:presence>
							<xilinx:isEnabled xilinx:resolve="dependent"
									xilinx:dependency="(spirit:decode(id(&apos;MODELPARAM_VALUE.C_HAS_AXI4_LITE&apos;)) >= 1)">true</xilinx:isEnabled>
						</xilinx:enablement>
					</xilinx:portInfo>
				</spirit:vendorExtensions>
			</spirit:port>
			<spirit:port>
				<spirit:name>intc_if</spirit:name>
				<spirit:wire>
					<spirit:direction>out</spirit:direction>
					<spirit:vector>
						<spirit:left spirit:format="long">8</spirit:left>
						<spirit:right spirit:format="long">0</spirit:right>
					</spirit:vector>
					<spirit:wireTypeDefs>
						<spirit:wireTypeDef>
							<spirit:typeName>std_logic_vector</spirit:typeName>
							<spirit:viewNameRef>dummy_view</spirit:viewNameRef>
						</spirit:wireTypeDef>
					</spirit:wireTypeDefs>
				</spirit:wire>
				<spirit:vendorExtensions>
					<xilinx:portInfo>
						<xilinx:enablement>
							<xilinx:presence>optional</xilinx:presence>
							<xilinx:isEnabled xilinx:resolve="dependent"
									xilinx:dependency="(spirit:decode(id(&apos;MODELPARAM_VALUE.C_HAS_INTC_IF&apos;)) >= 1)">false</xilinx:isEnabled>
						</xilinx:enablement>
					</xilinx:portInfo>
				</spirit:vendorExtensions>
			</spirit:port>
			<spirit:port>
				<spirit:name>irq</spirit:name>
				<spirit:wire>
					<spirit:direction>out</spirit:direction>
					<spirit:wireTypeDefs>
						<spirit:wireTypeDef>
							<spirit:typeName>std_logic</spirit:typeName>
							<spirit:viewNameRef>dummy_view</spirit:viewNameRef>
						</spirit:wireTypeDef>
					</spirit:wireTypeDefs>
				</spirit:wire>
				<spirit:vendorExtensions>
					<xilinx:portInfo>
						<xilinx:enablement>
							<xilinx:presence>optional</xilinx:presence>
							<xilinx:isEnabled xilinx:resolve="dependent"
									xilinx:dependency="(spirit:decode(id(&apos;MODELPARAM_VALUE.C_HAS_AXI4_LITE&apos;)) >= 1)">true</xilinx:isEnabled>
						</xilinx:enablement>
					</xilinx:portInfo>
				</spirit:vendorExtensions>
			</spirit:port>
			<spirit:port>
				<spirit:name>s_axis_video_tdata</spirit:name>
				<spirit:wire>
					<spirit:direction>in</spirit:direction>
					<spirit:vector>
						<spirit:left spirit:format="long"
								spirit:resolve="dependent"
								spirit:dependency="spirit:decode(id(&apos;MODELPARAM_VALUE.C_S_AXIS_VIDEO_TDATA_WIDTH&apos;))-1">23</spirit:left>
						<spirit:right spirit:format="long">0</spirit:right>
					</spirit:vector>
					<spirit:wireTypeDefs>
						<spirit:wireTypeDef>
							<spirit:typeName>std_logic_vector</spirit:typeName>
							<spirit:viewNameRef>dummy_view</spirit:viewNameRef>
						</spirit:wireTypeDef>
					</spirit:wireTypeDefs>
				</spirit:wire>
				<spirit:vendorExtensions>
					<xilinx:portInfo>
						<xilinx:enablement>
							<xilinx:isEnabled>true</xilinx:isEnabled>
						</xilinx:enablement>
					</xilinx:portInfo>
				</spirit:vendorExtensions>
			</spirit:port>
			<spirit:port>
				<spirit:name>s_axis_video_tready</spirit:name>
				<spirit:wire>
					<spirit:direction>out</spirit:direction>
					<spirit:wireTypeDefs>
						<spirit:wireTypeDef>
							<spirit:typeName>std_logic</spirit:typeName>
							<spirit:viewNameRef>dummy_view</spirit:viewNameRef>
						</spirit:wireTypeDef>
					</spirit:wireTypeDefs>
				</spirit:wire>
				<spirit:vendorExtensions>
					<xilinx:portInfo>
						<xilinx:enablement>
							<xilinx:isEnabled>true</xilinx:isEnabled>
						</xilinx:enablement>
					</xilinx:portInfo>
				</spirit:vendorExtensions>
			</spirit:port>
			<spirit:port>
				<spirit:name>s_axis_video_tvalid</spirit:name>
				<spirit:wire>
					<spirit:direction>in</spirit:direction>
					<spirit:wireTypeDefs>
						<spirit:wireTypeDef>
							<spirit:typeName>std_logic</spirit:typeName>
							<spirit:viewNameRef>dummy_view</spirit:viewNameRef>
						</spirit:wireTypeDef>
					</spirit:wireTypeDefs>
				</spirit:wire>
				<spirit:vendorExtensions>
					<xilinx:portInfo>
						<xilinx:enablement>
							<xilinx:isEnabled>true</xilinx:isEnabled>
						</xilinx:enablement>
					</xilinx:portInfo>
				</spirit:vendorExtensions>
			</spirit:port>
			<spirit:port>
				<spirit:name>s_axis_video_tlast</spirit:name>
				<spirit:wire>
					<spirit:direction>in</spirit:direction>
					<spirit:wireTypeDefs>
						<spirit:wireTypeDef>
							<spirit:typeName>std_logic</spirit:typeName>
							<spirit:viewNameRef>dummy_view</spirit:viewNameRef>
						</spirit:wireTypeDef>
					</spirit:wireTypeDefs>
				</spirit:wire>
				<spirit:vendorExtensions>
					<xilinx:portInfo>
						<xilinx:enablement>
							<xilinx:isEnabled>true</xilinx:isEnabled>
						</xilinx:enablement>
					</xilinx:portInfo>
				</spirit:vendorExtensions>
			</spirit:port>
			<spirit:port>
				<spirit:name>s_axis_video_tuser_sof</spirit:name>
				<spirit:wire>
					<spirit:direction>in</spirit:direction>
					<spirit:wireTypeDefs>
						<spirit:wireTypeDef>
							<spirit:typeName>std_logic</spirit:typeName>
							<spirit:viewNameRef>dummy_view</spirit:viewNameRef>
						</spirit:wireTypeDef>
					</spirit:wireTypeDefs>
				</spirit:wire>
				<spirit:vendorExtensions>
					<xilinx:portInfo>
						<xilinx:enablement>
							<xilinx:isEnabled>true</xilinx:isEnabled>
						</xilinx:enablement>
					</xilinx:portInfo>
				</spirit:vendorExtensions>
			</spirit:port>
			<spirit:port>
				<spirit:name>m_axis_video_tdata</spirit:name>
				<spirit:wire>
					<spirit:direction>out</spirit:direction>
					<spirit:vector>
						<spirit:left spirit:format="long"
								spirit:resolve="dependent"
								spirit:dependency="spirit:decode(id(&apos;MODELPARAM_VALUE.C_M_AXIS_VIDEO_TDATA_WIDTH&apos;))-1">23</spirit:left>
						<spirit:right spirit:format="long">0</spirit:right>
					</spirit:vector>
					<spirit:wireTypeDefs>
						<spirit:wireTypeDef>
							<spirit:typeName>std_logic_vector</spirit:typeName>
							<spirit:viewNameRef>dummy_view</spirit:viewNameRef>
						</spirit:wireTypeDef>
					</spirit:wireTypeDefs>
				</spirit:wire>
				<spirit:vendorExtensions>
					<xilinx:portInfo>
						<xilinx:enablement>
							<xilinx:isEnabled>true</xilinx:isEnabled>
						</xilinx:enablement>
					</xilinx:portInfo>
				</spirit:vendorExtensions>
			</spirit:port>
			<spirit:port>
				<spirit:name>m_axis_video_tvalid</spirit:name>
				<spirit:wire>
					<spirit:direction>out</spirit:direction>
					<spirit:wireTypeDefs>
						<spirit:wireTypeDef>
							<spirit:typeName>std_logic</spirit:typeName>
							<spirit:viewNameRef>dummy_view</spirit:viewNameRef>
						</spirit:wireTypeDef>
					</spirit:wireTypeDefs>
				</spirit:wire>
				<spirit:vendorExtensions>
					<xilinx:portInfo>
						<xilinx:enablement>
							<xilinx:isEnabled>true</xilinx:isEnabled>
						</xilinx:enablement>
					</xilinx:portInfo>
				</spirit:vendorExtensions>
			</spirit:port>
			<spirit:port>
				<spirit:name>m_axis_video_tready</spirit:name>
				<spirit:wire>
					<spirit:direction>in</spirit:direction>
					<spirit:wireTypeDefs>
						<spirit:wireTypeDef>
							<spirit:typeName>std_logic</spirit:typeName>
							<spirit:viewNameRef>dummy_view</spirit:viewNameRef>
						</spirit:wireTypeDef>
					</spirit:wireTypeDefs>
				</spirit:wire>
				<spirit:vendorExtensions>
					<xilinx:portInfo>
						<xilinx:enablement>
							<xilinx:isEnabled>true</xilinx:isEnabled>
						</xilinx:enablement>
					</xilinx:portInfo>
				</spirit:vendorExtensions>
			</spirit:port>
			<spirit:port>
				<spirit:name>m_axis_video_tlast</spirit:name>
				<spirit:wire>
					<spirit:direction>out</spirit:direction>
					<spirit:wireTypeDefs>
						<spirit:wireTypeDef>
							<spirit:typeName>std_logic</spirit:typeName>
							<spirit:viewNameRef>dummy_view</spirit:viewNameRef>
						</spirit:wireTypeDef>
					</spirit:wireTypeDefs>
				</spirit:wire>
				<spirit:vendorExtensions>
					<xilinx:portInfo>
						<xilinx:enablement>
							<xilinx:isEnabled>true</xilinx:isEnabled>
						</xilinx:enablement>
					</xilinx:portInfo>
				</spirit:vendorExtensions>
			</spirit:port>
			<spirit:port>
				<spirit:name>m_axis_video_tuser_sof</spirit:name>
				<spirit:wire>
					<spirit:direction>out</spirit:direction>
					<spirit:wireTypeDefs>
						<spirit:wireTypeDef>
							<spirit:typeName>std_logic</spirit:typeName>
							<spirit:viewNameRef>dummy_view</spirit:viewNameRef>
						</spirit:wireTypeDef>
					</spirit:wireTypeDefs>
				</spirit:wire>
				<spirit:vendorExtensions>
					<xilinx:portInfo>
						<xilinx:enablement>
							<xilinx:isEnabled>true</xilinx:isEnabled>
						</xilinx:enablement>
					</xilinx:portInfo>
				</spirit:vendorExtensions>
			</spirit:port>
			<spirit:port>
				<spirit:name>s_axi_awaddr</spirit:name>
				<spirit:wire>
					<spirit:direction>in</spirit:direction>
					<spirit:vector>
						<spirit:left spirit:format="long">8</spirit:left>
						<spirit:right spirit:format="long">0</spirit:right>
					</spirit:vector>
					<spirit:wireTypeDefs>
						<spirit:wireTypeDef>
							<spirit:typeName>std_logic_vector</spirit:typeName>
							<spirit:viewNameRef>dummy_view</spirit:viewNameRef>
						</spirit:wireTypeDef>
					</spirit:wireTypeDefs>
					<spirit:driver>
						<spirit:defaultValue>0</spirit:defaultValue>
					</spirit:driver>
				</spirit:wire>
				<spirit:vendorExtensions>
					<xilinx:portInfo>
						<xilinx:enablement>
							<xilinx:presence>optional</xilinx:presence>
							<xilinx:isEnabled xilinx:resolve="dependent"
									xilinx:dependency="(spirit:decode(id(&apos;MODELPARAM_VALUE.C_HAS_AXI4_LITE&apos;)) >= 1)">true</xilinx:isEnabled>
						</xilinx:enablement>
					</xilinx:portInfo>
				</spirit:vendorExtensions>
			</spirit:port>
			<spirit:port>
				<spirit:name>s_axi_awvalid</spirit:name>
				<spirit:wire>
					<spirit:direction>in</spirit:direction>
					<spirit:wireTypeDefs>
						<spirit:wireTypeDef>
							<spirit:typeName>std_logic</spirit:typeName>
							<spirit:viewNameRef>dummy_view</spirit:viewNameRef>
						</spirit:wireTypeDef>
					</spirit:wireTypeDefs>
					<spirit:driver>
						<spirit:defaultValue>0</spirit:defaultValue>
					</spirit:driver>
				</spirit:wire>
				<spirit:vendorExtensions>
					<xilinx:portInfo>
						<xilinx:enablement>
							<xilinx:presence>optional</xilinx:presence>
							<xilinx:isEnabled xilinx:resolve="dependent"
									xilinx:dependency="(spirit:decode(id(&apos;MODELPARAM_VALUE.C_HAS_AXI4_LITE&apos;)) >= 1)">true</xilinx:isEnabled>
						</xilinx:enablement>
					</xilinx:portInfo>
				</spirit:vendorExtensions>
			</spirit:port>
			<spirit:port>
				<spirit:name>s_axi_awready</spirit:name>
				<spirit:wire>
					<spirit:direction>out</spirit:direction>
					<spirit:wireTypeDefs>
						<spirit:wireTypeDef>
							<spirit:typeName>std_logic</spirit:typeName>
							<spirit:viewNameRef>dummy_view</spirit:viewNameRef>
						</spirit:wireTypeDef>
					</spirit:wireTypeDefs>
				</spirit:wire>
				<spirit:vendorExtensions>
					<xilinx:portInfo>
						<xilinx:enablement>
							<xilinx:presence>optional</xilinx:presence>
							<xilinx:isEnabled xilinx:resolve="dependent"
									xilinx:dependency="(spirit:decode(id(&apos;MODELPARAM_VALUE.C_HAS_AXI4_LITE&apos;)) >= 1)">true</xilinx:isEnabled>
						</xilinx:enablement>
					</xilinx:portInfo>
				</spirit:vendorExtensions>
			</spirit:port>
			<spirit:port>
				<spirit:name>s_axi_wdata</spirit:name>
				<spirit:wire>
					<spirit:direction>in</spirit:direction>
					<spirit:vector>
						<spirit:left spirit:format="long">31</spirit:left>
						<spirit:right spirit:format="long">0</spirit:right>
					</spirit:vector>
					<spirit:wireTypeDefs>
						<spirit:wireTypeDef>
							<spirit:typeName>std_logic_vector</spirit:typeName>
							<spirit:viewNameRef>dummy_view</spirit:viewNameRef>
						</spirit:wireTypeDef>
					</spirit:wireTypeDefs>
					<spirit:driver>
						<spirit:defaultValue>0</spirit:defaultValue>
					</spirit:driver>
				</spirit:wire>
				<spirit:vendorExtensions>
					<xilinx:portInfo>
						<xilinx:enablement>
							<xilinx:presence>optional</xilinx:presence>
							<xilinx:isEnabled xilinx:resolve="dependent"
									xilinx:dependency="(spirit:decode(id(&apos;MODELPARAM_VALUE.C_HAS_AXI4_LITE&apos;)) >= 1)">true</xilinx:isEnabled>
						</xilinx:enablement>
					</xilinx:portInfo>
				</spirit:vendorExtensions>
			</spirit:port>
			<spirit:port>
				<spirit:name>s_axi_wstrb</spirit:name>
				<spirit:wire>
					<spirit:direction>in</spirit:direction>
					<spirit:vector>
						<spirit:left spirit:format="long">3</spirit:left>
						<spirit:right spirit:format="long">0</spirit:right>
					</spirit:vector>
					<spirit:wireTypeDefs>
						<spirit:wireTypeDef>
							<spirit:typeName>std_logic_vector</spirit:typeName>
							<spirit:viewNameRef>dummy_view</spirit:viewNameRef>
						</spirit:wireTypeDef>
					</spirit:wireTypeDefs>
					<spirit:driver>
						<spirit:defaultValue>0</spirit:defaultValue>
					</spirit:driver>
				</spirit:wire>
				<spirit:vendorExtensions>
					<xilinx:portInfo>
						<xilinx:enablement>
							<xilinx:presence>optional</xilinx:presence>
							<xilinx:isEnabled xilinx:resolve="dependent"
									xilinx:dependency="(spirit:decode(id(&apos;MODELPARAM_VALUE.C_HAS_AXI4_LITE&apos;)) >= 1)">true</xilinx:isEnabled>
						</xilinx:enablement>
					</xilinx:portInfo>
				</spirit:vendorExtensions>
			</spirit:port>
			<spirit:port>
				<spirit:name>s_axi_wvalid</spirit:name>
				<spirit:wire>
					<spirit:direction>in</spirit:direction>
					<spirit:wireTypeDefs>
						<spirit:wireTypeDef>
							<spirit:typeName>std_logic</spirit:typeName>
							<spirit:viewNameRef>dummy_view</spirit:viewNameRef>
						</spirit:wireTypeDef>
					</spirit:wireTypeDefs>
					<spirit:driver>
						<spirit:defaultValue>0</spirit:defaultValue>
					</spirit:driver>
				</spirit:wire>
				<spirit:vendorExtensions>
					<xilinx:portInfo>
						<xilinx:enablement>
							<xilinx:presence>optional</xilinx:presence>
							<xilinx:isEnabled xilinx:resolve="dependent"
									xilinx:dependency="(spirit:decode(id(&apos;MODELPARAM_VALUE.C_HAS_AXI4_LITE&apos;)) >= 1)">true</xilinx:isEnabled>
						</xilinx:enablement>
					</xilinx:portInfo>
				</spirit:vendorExtensions>
			</spirit:port>
			<spirit:port>
				<spirit:name>s_axi_wready</spirit:name>
				<spirit:wire>
					<spirit:direction>out</spirit:direction>
					<spirit:wireTypeDefs>
						<spirit:wireTypeDef>
							<spirit:typeName>std_logic</spirit:typeName>
							<spirit:viewNameRef>dummy_view</spirit:viewNameRef>
						</spirit:wireTypeDef>
					</spirit:wireTypeDefs>
				</spirit:wire>
				<spirit:vendorExtensions>
					<xilinx:portInfo>
						<xilinx:enablement>
							<xilinx:presence>optional</xilinx:presence>
							<xilinx:isEnabled xilinx:resolve="dependent"
									xilinx:dependency="(spirit:decode(id(&apos;MODELPARAM_VALUE.C_HAS_AXI4_LITE&apos;)) >= 1)">true</xilinx:isEnabled>
						</xilinx:enablement>
					</xilinx:portInfo>
				</spirit:vendorExtensions>
			</spirit:port>
			<spirit:port>
				<spirit:name>s_axi_bresp</spirit:name>
				<spirit:wire>
					<spirit:direction>out</spirit:direction>
					<spirit:vector>
						<spirit:left spirit:format="long">1</spirit:left>
						<spirit:right spirit:format="long">0</spirit:right>
					</spirit:vector>
					<spirit:wireTypeDefs>
						<spirit:wireTypeDef>
							<spirit:typeName>std_logic_vector</spirit:typeName>
							<spirit:viewNameRef>dummy_view</spirit:viewNameRef>
						</spirit:wireTypeDef>
					</spirit:wireTypeDefs>
				</spirit:wire>
				<spirit:vendorExtensions>
					<xilinx:portInfo>
						<xilinx:enablement>
							<xilinx:presence>optional</xilinx:presence>
							<xilinx:isEnabled xilinx:resolve="dependent"
									xilinx:dependency="(spirit:decode(id(&apos;MODELPARAM_VALUE.C_HAS_AXI4_LITE&apos;)) >= 1)">true</xilinx:isEnabled>
						</xilinx:enablement>
					</xilinx:portInfo>
				</spirit:vendorExtensions>
			</spirit:port>
			<spirit:port>
				<spirit:name>s_axi_bvalid</spirit:name>
				<spirit:wire>
					<spirit:direction>out</spirit:direction>
					<spirit:wireTypeDefs>
						<spirit:wireTypeDef>
							<spirit:typeName>std_logic</spirit:typeName>
							<spirit:viewNameRef>dummy_view</spirit:viewNameRef>
						</spirit:wireTypeDef>
					</spirit:wireTypeDefs>
				</spirit:wire>
				<spirit:vendorExtensions>
					<xilinx:portInfo>
						<xilinx:enablement>
							<xilinx:presence>optional</xilinx:presence>
							<xilinx:isEnabled xilinx:resolve="dependent"
									xilinx:dependency="(spirit:decode(id(&apos;MODELPARAM_VALUE.C_HAS_AXI4_LITE&apos;)) >= 1)">true</xilinx:isEnabled>
						</xilinx:enablement>
					</xilinx:portInfo>
				</spirit:vendorExtensions>
			</spirit:port>
			<spirit:port>
				<spirit:name>s_axi_bready</spirit:name>
				<spirit:wire>
					<spirit:direction>in</spirit:direction>
					<spirit:wireTypeDefs>
						<spirit:wireTypeDef>
							<spirit:typeName>std_logic</spirit:typeName>
							<spirit:viewNameRef>dummy_view</spirit:viewNameRef>
						</spirit:wireTypeDef>
					</spirit:wireTypeDefs>
					<spirit:driver>
						<spirit:defaultValue>0</spirit:defaultValue>
					</spirit:driver>
				</spirit:wire>
				<spirit:vendorExtensions>
					<xilinx:portInfo>
						<xilinx:enablement>
							<xilinx:presence>optional</xilinx:presence>
							<xilinx:isEnabled xilinx:resolve="dependent"
									xilinx:dependency="(spirit:decode(id(&apos;MODELPARAM_VALUE.C_HAS_AXI4_LITE&apos;)) >= 1)">true</xilinx:isEnabled>
						</xilinx:enablement>
					</xilinx:portInfo>
				</spirit:vendorExtensions>
			</spirit:port>
			<spirit:port>
				<spirit:name>s_axi_araddr</spirit:name>
				<spirit:wire>
					<spirit:direction>in</spirit:direction>
					<spirit:vector>
						<spirit:left spirit:format="long">8</spirit:left>
						<spirit:right spirit:format="long">0</spirit:right>
					</spirit:vector>
					<spirit:wireTypeDefs>
						<spirit:wireTypeDef>
							<spirit:typeName>std_logic_vector</spirit:typeName>
							<spirit:viewNameRef>dummy_view</spirit:viewNameRef>
						</spirit:wireTypeDef>
					</spirit:wireTypeDefs>
					<spirit:driver>
						<spirit:defaultValue>0</spirit:defaultValue>
					</spirit:driver>
				</spirit:wire>
				<spirit:vendorExtensions>
					<xilinx:portInfo>
						<xilinx:enablement>
							<xilinx:presence>optional</xilinx:presence>
							<xilinx:isEnabled xilinx:resolve="dependent"
									xilinx:dependency="(spirit:decode(id(&apos;MODELPARAM_VALUE.C_HAS_AXI4_LITE&apos;)) >= 1)">true</xilinx:isEnabled>
						</xilinx:enablement>
					</xilinx:portInfo>
				</spirit:vendorExtensions>
			</spirit:port>
			<spirit:port>
				<spirit:name>s_axi_arvalid</spirit:name>
				<spirit:wire>
					<spirit:direction>in</spirit:direction>
					<spirit:wireTypeDefs>
						<spirit:wireTypeDef>
							<spirit:typeName>std_logic</spirit:typeName>
							<spirit:viewNameRef>dummy_view</spirit:viewNameRef>
						</spirit:wireTypeDef>
					</spirit:wireTypeDefs>
					<spirit:driver>
						<spirit:defaultValue>0</spirit:defaultValue>
					</spirit:driver>
				</spirit:wire>
				<spirit:vendorExtensions>
					<xilinx:portInfo>
						<xilinx:enablement>
							<xilinx:presence>optional</xilinx:presence>
							<xilinx:isEnabled xilinx:resolve="dependent"
									xilinx:dependency="(spirit:decode(id(&apos;MODELPARAM_VALUE.C_HAS_AXI4_LITE&apos;)) >= 1)">true</xilinx:isEnabled>
						</xilinx:enablement>
					</xilinx:portInfo>
				</spirit:vendorExtensions>
			</spirit:port>
			<spirit:port>
				<spirit:name>s_axi_arready</spirit:name>
				<spirit:wire>
					<spirit:direction>out</spirit:direction>
					<spirit:wireTypeDefs>
						<spirit:wireTypeDef>
							<spirit:typeName>std_logic</spirit:typeName>
							<spirit:viewNameRef>dummy_view</spirit:viewNameRef>
						</spirit:wireTypeDef>
					</spirit:wireTypeDefs>
				</spirit:wire>
				<spirit:vendorExtensions>
					<xilinx:portInfo>
						<xilinx:enablement>
							<xilinx:presence>optional</xilinx:presence>
							<xilinx:isEnabled xilinx:resolve="dependent"
									xilinx:dependency="(spirit:decode(id(&apos;MODELPARAM_VALUE.C_HAS_AXI4_LITE&apos;)) >= 1)">true</xilinx:isEnabled>
						</xilinx:enablement>
					</xilinx:portInfo>
				</spirit:vendorExtensions>
			</spirit:port>
			<spirit:port>
				<spirit:name>s_axi_rdata</spirit:name>
				<spirit:wire>
					<spirit:direction>out</spirit:direction>
					<spirit:vector>
						<spirit:left spirit:format="long">31</spirit:left>
						<spirit:right spirit:format="long">0</spirit:right>
					</spirit:vector>
					<spirit:wireTypeDefs>
						<spirit:wireTypeDef>
							<spirit:typeName>std_logic_vector</spirit:typeName>
							<spirit:viewNameRef>dummy_view</spirit:viewNameRef>
						</spirit:wireTypeDef>
					</spirit:wireTypeDefs>
				</spirit:wire>
				<spirit:vendorExtensions>
					<xilinx:portInfo>
						<xilinx:enablement>
							<xilinx:presence>optional</xilinx:presence>
							<xilinx:isEnabled xilinx:resolve="dependent"
									xilinx:dependency="(spirit:decode(id(&apos;MODELPARAM_VALUE.C_HAS_AXI4_LITE&apos;)) >= 1)">true</xilinx:isEnabled>
						</xilinx:enablement>
					</xilinx:portInfo>
				</spirit:vendorExtensions>
			</spirit:port>
			<spirit:port>
				<spirit:name>s_axi_rresp</spirit:name>
				<spirit:wire>
					<spirit:direction>out</spirit:direction>
					<spirit:vector>
						<spirit:left spirit:format="long">1</spirit:left>
						<spirit:right spirit:format="long">0</spirit:right>
					</spirit:vector>
					<spirit:wireTypeDefs>
						<spirit:wireTypeDef>
							<spirit:typeName>std_logic_vector</spirit:typeName>
							<spirit:viewNameRef>dummy_view</spirit:viewNameRef>
						</spirit:wireTypeDef>
					</spirit:wireTypeDefs>
				</spirit:wire>
				<spirit:vendorExtensions>
					<xilinx:portInfo>
						<xilinx:enablement>
							<xilinx:presence>optional</xilinx:presence>
							<xilinx:isEnabled xilinx:resolve="dependent"
									xilinx:dependency="(spirit:decode(id(&apos;MODELPARAM_VALUE.C_HAS_AXI4_LITE&apos;)) >= 1)">true</xilinx:isEnabled>
						</xilinx:enablement>
					</xilinx:portInfo>
				</spirit:vendorExtensions>
			</spirit:port>
			<spirit:port>
				<spirit:name>s_axi_rvalid</spirit:name>
				<spirit:wire>
					<spirit:direction>out</spirit:direction>
					<spirit:wireTypeDefs>
						<spirit:wireTypeDef>
							<spirit:typeName>std_logic</spirit:typeName>
							<spirit:viewNameRef>dummy_view</spirit:viewNameRef>
						</spirit:wireTypeDef>
					</spirit:wireTypeDefs>
				</spirit:wire>
				<spirit:vendorExtensions>
					<xilinx:portInfo>
						<xilinx:enablement>
							<xilinx:presence>optional</xilinx:presence>
							<xilinx:isEnabled xilinx:resolve="dependent"
									xilinx:dependency="(spirit:decode(id(&apos;MODELPARAM_VALUE.C_HAS_AXI4_LITE&apos;)) >= 1)">true</xilinx:isEnabled>
						</xilinx:enablement>
					</xilinx:portInfo>
				</spirit:vendorExtensions>
			</spirit:port>
			<spirit:port>
				<spirit:name>s_axi_rready</spirit:name>
				<spirit:wire>
					<spirit:direction>in</spirit:direction>
					<spirit:wireTypeDefs>
						<spirit:wireTypeDef>
							<spirit:typeName>std_logic</spirit:typeName>
							<spirit:viewNameRef>dummy_view</spirit:viewNameRef>
						</spirit:wireTypeDef>
					</spirit:wireTypeDefs>
					<spirit:driver>
						<spirit:defaultValue>0</spirit:defaultValue>
					</spirit:driver>
				</spirit:wire>
				<spirit:vendorExtensions>
					<xilinx:portInfo>
						<xilinx:enablement>
							<xilinx:presence>optional</xilinx:presence>
							<xilinx:isEnabled xilinx:resolve="dependent"
									xilinx:dependency="(spirit:decode(id(&apos;MODELPARAM_VALUE.C_HAS_AXI4_LITE&apos;)) >= 1)">true</xilinx:isEnabled>
						</xilinx:enablement>
					</xilinx:portInfo>
				</spirit:vendorExtensions>
			</spirit:port>
		</spirit:ports>
		<spirit:modelParameters>
			<spirit:modelParameter xsi:type="spirit:nameValueTypeType"
					spirit:dataType="integer">
				<spirit:name>C_S_AXIS_VIDEO_DATA_WIDTH</spirit:name>
				<spirit:value spirit:format="long"
						spirit:resolve="generated"
						spirit:id="MODELPARAM_VALUE.C_S_AXIS_VIDEO_DATA_WIDTH"
						spirit:choiceRef="xippack_HDLParameter_choiceref_C_S_AXIS_VIDEO_DATA_WIDTH">8</spirit:value>
			</spirit:modelParameter>
			<spirit:modelParameter spirit:dataType="integer">
				<spirit:name>C_S_AXIS_VIDEO_FORMAT</spirit:name>
				<spirit:value spirit:format="long"
						spirit:resolve="generated"
						spirit:id="MODELPARAM_VALUE.C_S_AXIS_VIDEO_FORMAT"
						spirit:choiceRef="xippack_HDLParameter_choiceref_C_S_AXIS_VIDEO_FORMAT">2</spirit:value>
			</spirit:modelParameter>
			<spirit:modelParameter spirit:dataType="integer">
				<spirit:name>C_S_AXIS_VIDEO_TDATA_WIDTH</spirit:name>
				<spirit:value spirit:format="long"
						spirit:resolve="generated"
						spirit:id="MODELPARAM_VALUE.C_S_AXIS_VIDEO_TDATA_WIDTH"
						spirit:choiceRef="xippack_HDLParameter_choiceref_C_S_AXIS_VIDEO_TDATA_WIDTH">24</spirit:value>
			</spirit:modelParameter>
			<spirit:modelParameter spirit:dataType="integer">
				<spirit:name>C_M_AXIS_VIDEO_DATA_WIDTH</spirit:name>
				<spirit:value spirit:format="long"
						spirit:resolve="generated"
						spirit:id="MODELPARAM_VALUE.C_M_AXIS_VIDEO_DATA_WIDTH"
						spirit:choiceRef="xippack_HDLParameter_choiceref_C_M_AXIS_VIDEO_DATA_WIDTH">8</spirit:value>
			</spirit:modelParameter>
			<spirit:modelParameter spirit:dataType="integer">
				<spirit:name>C_M_AXIS_VIDEO_FORMAT</spirit:name>
				<spirit:value spirit:format="long"
						spirit:resolve="generated"
						spirit:id="MODELPARAM_VALUE.C_M_AXIS_VIDEO_FORMAT"
						spirit:choiceRef="xippack_HDLParameter_choiceref_C_M_AXIS_VIDEO_FORMAT">1</spirit:value>
			</spirit:modelParameter>
			<spirit:modelParameter spirit:dataType="integer">
				<spirit:name>C_M_AXIS_VIDEO_TDATA_WIDTH</spirit:name>
				<spirit:value spirit:format="long"
						spirit:resolve="generated"
						spirit:id="MODELPARAM_VALUE.C_M_AXIS_VIDEO_TDATA_WIDTH"
						spirit:choiceRef="xippack_HDLParameter_choiceref_C_M_AXIS_VIDEO_TDATA_WIDTH">24</spirit:value>
			</spirit:modelParameter>
			<spirit:modelParameter spirit:dataType="integer">
				<spirit:name>c_s_axi_addr_width</spirit:name>
				<spirit:value spirit:format="long"
						spirit:resolve="generated"
						spirit:id="MODELPARAM_VALUE.C_S_AXI_ADDR_WIDTH"
						spirit:minimum="1"
						spirit:maximum="32"
						spirit:rangeType="long">9</spirit:value>
			</spirit:modelParameter>
			<spirit:modelParameter spirit:dataType="integer">
				<spirit:name>c_s_axi_data_width</spirit:name>
				<spirit:value spirit:format="long"
						spirit:resolve="generated"
						spirit:id="MODELPARAM_VALUE.C_S_AXI_DATA_WIDTH"
						spirit:minimum="32"
						spirit:maximum="32"
						spirit:rangeType="long">32</spirit:value>
			</spirit:modelParameter>
			<spirit:modelParameter spirit:dataType="integer">
				<spirit:name>C_HAS_AXI4_LITE</spirit:name>
				<spirit:value spirit:format="long"
						spirit:resolve="generated"
						spirit:id="MODELPARAM_VALUE.C_HAS_AXI4_LITE"
						spirit:minimum="0"
						spirit:maximum="1"
						spirit:rangeType="long">1</spirit:value>
			</spirit:modelParameter>
			<spirit:modelParameter spirit:dataType="integer">
				<spirit:name>C_HAS_DEBUG</spirit:name>
				<spirit:value spirit:format="long"
						spirit:resolve="generated"
						spirit:id="MODELPARAM_VALUE.C_HAS_DEBUG"
						spirit:minimum="0"
						spirit:maximum="1"
						spirit:rangeType="long">0</spirit:value>
			</spirit:modelParameter>
			<spirit:modelParameter spirit:dataType="integer">
				<spirit:name>C_HAS_INTC_IF</spirit:name>
				<spirit:value spirit:format="long"
						spirit:resolve="generated"
						spirit:id="MODELPARAM_VALUE.C_HAS_INTC_IF"
						spirit:minimum="0"
						spirit:maximum="1"
						spirit:rangeType="long">0</spirit:value>
			</spirit:modelParameter>
			<spirit:modelParameter spirit:dataType="integer">
				<spirit:name>C_MAX_COLS</spirit:name>
				<spirit:value spirit:format="long"
						spirit:resolve="generated"
						spirit:id="MODELPARAM_VALUE.C_MAX_COLS"
						spirit:minimum="32"
						spirit:maximum="7680"
						spirit:rangeType="long">1920</spirit:value>
			</spirit:modelParameter>
			<spirit:modelParameter spirit:dataType="integer">
				<spirit:name>C_ACTIVE_COLS</spirit:name>
				<spirit:value spirit:format="long"
						spirit:resolve="generated"
						spirit:id="MODELPARAM_VALUE.C_ACTIVE_COLS"
						spirit:minimum="32"
						spirit:maximum="7680"
						spirit:rangeType="long">1920</spirit:value>
			</spirit:modelParameter>
			<spirit:modelParameter spirit:dataType="integer">
				<spirit:name>C_ACTIVE_ROWS</spirit:name>
				<spirit:value spirit:format="long"
						spirit:resolve="generated"
						spirit:id="MODELPARAM_VALUE.C_ACTIVE_ROWS"
						spirit:minimum="32"
						spirit:maximum="7680"
						spirit:rangeType="long">1080</spirit:value>
			</spirit:modelParameter>
			<spirit:modelParameter spirit:dataType="integer">
				<spirit:name>C_HAS_CLIP</spirit:name>
				<spirit:value spirit:format="long"
						spirit:resolve="generated"
						spirit:id="MODELPARAM_VALUE.C_HAS_CLIP"
						spirit:minimum="0"
						spirit:maximum="1"
						spirit:rangeType="long">1</spirit:value>
			</spirit:modelParameter>
			<spirit:modelParameter spirit:dataType="integer">
				<spirit:name>C_HAS_CLAMP</spirit:name>
				<spirit:value spirit:format="long"
						spirit:resolve="generated"
						spirit:id="MODELPARAM_VALUE.C_HAS_CLAMP"
						spirit:minimum="0"
						spirit:maximum="1"
						spirit:rangeType="long">1</spirit:value>
			</spirit:modelParameter>
			<spirit:modelParameter spirit:dataType="integer">
				<spirit:name>C_ACOEF</spirit:name>
				<spirit:value spirit:format="long"
						spirit:resolve="generated"
						spirit:id="MODELPARAM_VALUE.C_ACOEF">19595</spirit:value>
			</spirit:modelParameter>
			<spirit:modelParameter spirit:dataType="integer">
				<spirit:name>C_BCOEF</spirit:name>
				<spirit:value spirit:format="long"
						spirit:resolve="generated"
						spirit:id="MODELPARAM_VALUE.C_BCOEF">7471</spirit:value>
			</spirit:modelParameter>
			<spirit:modelParameter spirit:dataType="integer">
				<spirit:name>C_CCOEF</spirit:name>
				<spirit:value spirit:format="long"
						spirit:resolve="generated"
						spirit:id="MODELPARAM_VALUE.C_CCOEF">46727</spirit:value>
			</spirit:modelParameter>
			<spirit:modelParameter spirit:dataType="integer">
				<spirit:name>C_DCOEF</spirit:name>
				<spirit:value spirit:format="long"
						spirit:resolve="generated"
						spirit:id="MODELPARAM_VALUE.C_DCOEF">36962</spirit:value>
			</spirit:modelParameter>
			<spirit:modelParameter spirit:dataType="integer">
				<spirit:name>C_YOFFSET</spirit:name>
				<spirit:value spirit:format="long"
						spirit:resolve="generated"
						spirit:id="MODELPARAM_VALUE.C_YOFFSET">16</spirit:value>
			</spirit:modelParameter>
			<spirit:modelParameter spirit:dataType="integer">
				<spirit:name>C_CBOFFSET</spirit:name>
				<spirit:value spirit:format="long"
						spirit:resolve="generated"
						spirit:id="MODELPARAM_VALUE.C_CBOFFSET">128</spirit:value>
			</spirit:modelParameter>
			<spirit:modelParameter spirit:dataType="integer">
				<spirit:name>C_CROFFSET</spirit:name>
				<spirit:value spirit:format="long"
						spirit:resolve="generated"
						spirit:id="MODELPARAM_VALUE.C_CROFFSET">128</spirit:value>
			</spirit:modelParameter>
			<spirit:modelParameter spirit:dataType="integer">
				<spirit:name>C_YMAX</spirit:name>
				<spirit:value spirit:format="long"
						spirit:resolve="generated"
						spirit:id="MODELPARAM_VALUE.C_YMAX">240</spirit:value>
			</spirit:modelParameter>
			<spirit:modelParameter spirit:dataType="integer">
				<spirit:name>C_YMIN</spirit:name>
				<spirit:value spirit:format="long"
						spirit:resolve="generated"
						spirit:id="MODELPARAM_VALUE.C_YMIN">16</spirit:value>
			</spirit:modelParameter>
			<spirit:modelParameter spirit:dataType="integer">
				<spirit:name>C_CBMAX</spirit:name>
				<spirit:value spirit:format="long"
						spirit:resolve="generated"
						spirit:id="MODELPARAM_VALUE.C_CBMAX">240</spirit:value>
			</spirit:modelParameter>
			<spirit:modelParameter spirit:dataType="integer">
				<spirit:name>C_CBMIN</spirit:name>
				<spirit:value spirit:format="long"
						spirit:resolve="generated"
						spirit:id="MODELPARAM_VALUE.C_CBMIN">16</spirit:value>
			</spirit:modelParameter>
			<spirit:modelParameter spirit:dataType="integer">
				<spirit:name>C_CRMAX</spirit:name>
				<spirit:value spirit:format="long"
						spirit:resolve="generated"
						spirit:id="MODELPARAM_VALUE.C_CRMAX">240</spirit:value>
			</spirit:modelParameter>
			<spirit:modelParameter spirit:dataType="integer">
				<spirit:name>C_CRMIN</spirit:name>
				<spirit:value spirit:format="long"
						spirit:resolve="generated"
						spirit:id="MODELPARAM_VALUE.C_CRMIN">16</spirit:value>
			</spirit:modelParameter>
			<spirit:modelParameter spirit:dataType="integer">
				<spirit:name>C_S_AXI_CLK_FREQ_HZ</spirit:name>
				<spirit:value spirit:format="long"
						spirit:resolve="immediate"
						spirit:id="MODELPARAM_VALUE.C_S_AXI_CLK_FREQ_HZ">100000000</spirit:value>
			</spirit:modelParameter>
			<spirit:modelParameter spirit:dataType="string">
				<spirit:name>C_FAMILY</spirit:name>
				<spirit:value spirit:format="string"
						spirit:resolve="generated"
						spirit:id="MODELPARAM_VALUE.C_FAMILY">kintex7</spirit:value>
			</spirit:modelParameter>
		</spirit:modelParameters>
	</spirit:model>
	<spirit:choices>
		<spirit:choice>
			<spirit:name>xippack_UserParameter_choiceref_S_AXIS_VIDEO_DATA_WIDTH</spirit:name>
			<spirit:enumeration spirit:text="8">8</spirit:enumeration>
			<spirit:enumeration spirit:text="10">10</spirit:enumeration>
			<spirit:enumeration spirit:text="12">12</spirit:enumeration>
			<spirit:enumeration spirit:text="16">16</spirit:enumeration>
		</spirit:choice>
		<spirit:choice>
			<spirit:name>xippack_UserParameter_choiceref_Standard_Sel</spirit:name>
			<spirit:enumeration spirit:text="SD ITU 601">SD_ITU_601</spirit:enumeration>
			<spirit:enumeration spirit:text="HD ITU 709 1250 PAL">HD_ITU_709__1250_PAL</spirit:enumeration>
			<spirit:enumeration spirit:text="HD ITU 709 1125 NTSC">HD_ITU_709__1125_NTSC</spirit:enumeration>
			<spirit:enumeration spirit:text="YUV">YUV</spirit:enumeration>
			<spirit:enumeration spirit:text="Custom">Custom</spirit:enumeration>
		</spirit:choice>
		<spirit:choice>
			<spirit:name>xippack_UserParameter_choiceref_Output_Range</spirit:name>
			<spirit:enumeration spirit:text="16 to 240 for TV">16_to_240_for_TV</spirit:enumeration>
			<spirit:enumeration spirit:text="16 to 235 for Studio Equipment">16_to_235_for_Studio_Equipment</spirit:enumeration>
			<spirit:enumeration spirit:text="0 to 255 for Computer Graphics">0_to_255_for_Computer_Graphics</spirit:enumeration>
		</spirit:choice>
		<spirit:choice>
			<spirit:name>xippack_HDLParameter_choiceref_C_S_AXIS_VIDEO_DATA_WIDTH</spirit:name>
			<spirit:enumeration spirit:text="8">8</spirit:enumeration>
			<spirit:enumeration spirit:text="10">10</spirit:enumeration>
			<spirit:enumeration spirit:text="12">12</spirit:enumeration>
			<spirit:enumeration spirit:text="16">16</spirit:enumeration>
		</spirit:choice>
		<spirit:choice>
			<spirit:name>xippack_HDLParameter_choiceref_C_S_AXIS_VIDEO_FORMAT</spirit:name>
			<spirit:enumeration spirit:text="1">1</spirit:enumeration>
			<spirit:enumeration spirit:text="2">2</spirit:enumeration>
		</spirit:choice>
		<spirit:choice>
			<spirit:name>xippack_HDLParameter_choiceref_C_S_AXIS_VIDEO_TDATA_WIDTH</spirit:name>
			<spirit:enumeration spirit:text="24">24</spirit:enumeration>
			<spirit:enumeration spirit:text="32">32</spirit:enumeration>
			<spirit:enumeration spirit:text="40">40</spirit:enumeration>
			<spirit:enumeration spirit:text="48">48</spirit:enumeration>
		</spirit:choice>
		<spirit:choice>
			<spirit:name>xippack_HDLParameter_choiceref_C_M_AXIS_VIDEO_DATA_WIDTH</spirit:name>
			<spirit:enumeration spirit:text="8">8</spirit:enumeration>
			<spirit:enumeration spirit:text="10">10</spirit:enumeration>
			<spirit:enumeration spirit:text="12">12</spirit:enumeration>
			<spirit:enumeration spirit:text="16">16</spirit:enumeration>
		</spirit:choice>
		<spirit:choice>
			<spirit:name>xippack_HDLParameter_choiceref_C_M_AXIS_VIDEO_FORMAT</spirit:name>
			<spirit:enumeration spirit:text="1">1</spirit:enumeration>
			<spirit:enumeration spirit:text="2">2</spirit:enumeration>
		</spirit:choice>
		<spirit:choice>
			<spirit:name>xippack_HDLParameter_choiceref_C_M_AXIS_VIDEO_TDATA_WIDTH</spirit:name>
			<spirit:enumeration spirit:text="24">24</spirit:enumeration>
			<spirit:enumeration spirit:text="32">32</spirit:enumeration>
			<spirit:enumeration spirit:text="40">40</spirit:enumeration>
			<spirit:enumeration spirit:text="48">48</spirit:enumeration>
		</spirit:choice>
	</spirit:choices>
	<spirit:description>The Xilinx RGB to YCrCb Color Space Converter LogiCORE with built-in support for 5 formats and 3 range standards. The implementation is a simplified 3x3 constant coefficient matrix multiplier, which uses only 4 multipliers exploiting the inter-relations of RGB to YCrCb coefficients. The module is optimized to take advantage of multiply-add capabilities of DSP slices.</spirit:description>
	<spirit:parameters>
		<spirit:parameter>
			<spirit:name>Component_Name</spirit:name>
			<spirit:value spirit:format="string"
					spirit:resolve="user"
					spirit:id="PARAM_VALUE.COMPONENT_NAME"
					spirit:order="1"
					spirit:configGroups="1 UnGrouped">design_1_v_rgb2ycrcb_0_0</spirit:value>
		</spirit:parameter>
		<spirit:parameter>
			<spirit:name>HAS_AXI4_LITE</spirit:name>
			<spirit:displayName>Has AXI4 Lite</spirit:displayName>
			<spirit:value spirit:format="bool"
					spirit:resolve="user"
					spirit:id="PARAM_VALUE.HAS_AXI4_LITE"
					spirit:order="10000"
					spirit:configGroups="1 UnGrouped">true</spirit:value>
		</spirit:parameter>
		<spirit:parameter>
			<spirit:name>HAS_DEBUG</spirit:name>
			<spirit:displayName>Has Debug</spirit:displayName>
			<spirit:value spirit:format="bool"
					spirit:resolve="user"
					spirit:id="PARAM_VALUE.HAS_DEBUG"
					spirit:order="10100"
					spirit:configGroups="1 UnGrouped">false</spirit:value>
		</spirit:parameter>
		<spirit:parameter>
			<spirit:name>HAS_INTC_IF</spirit:name>
			<spirit:displayName>Has Intc If</spirit:displayName>
			<spirit:value spirit:format="bool"
					spirit:resolve="user"
					spirit:id="PARAM_VALUE.HAS_INTC_IF"
					spirit:order="10200"
					spirit:configGroups="1 UnGrouped">false</spirit:value>
		</spirit:parameter>
		<spirit:parameter>
			<spirit:name>S_AXIS_VIDEO_DATA_WIDTH</spirit:name>
			<spirit:displayName>S Axis Video Data Width</spirit:displayName>
			<spirit:value spirit:format="long"
					spirit:resolve="user"
					spirit:id="PARAM_VALUE.S_AXIS_VIDEO_DATA_WIDTH"
					spirit:choiceRef="xippack_UserParameter_choiceref_S_AXIS_VIDEO_DATA_WIDTH"
					spirit:order="10300"
					spirit:configGroups="1 UnGrouped">8</spirit:value>
		</spirit:parameter>
		<spirit:parameter>
			<spirit:name>ACTIVE_COLS</spirit:name>
			<spirit:displayName>Active Cols</spirit:displayName>
			<spirit:value spirit:format="long"
					spirit:resolve="user"
					spirit:id="PARAM_VALUE.ACTIVE_COLS"
					spirit:order="10400"
					spirit:configGroups="1 UnGrouped"
					spirit:minimum="32"
					spirit:maximum="7680"
					spirit:rangeType="long">1920</spirit:value>
		</spirit:parameter>
		<spirit:parameter>
			<spirit:name>ACTIVE_ROWS</spirit:name>
			<spirit:displayName>Active Rows</spirit:displayName>
			<spirit:value spirit:format="long"
					spirit:resolve="user"
					spirit:id="PARAM_VALUE.ACTIVE_ROWS"
					spirit:order="10500"
					spirit:configGroups="1 UnGrouped"
					spirit:minimum="32"
					spirit:maximum="7680"
					spirit:rangeType="long">1080</spirit:value>
		</spirit:parameter>
		<spirit:parameter>
			<spirit:name>Standard_Sel</spirit:name>
			<spirit:displayName>Standard Sel</spirit:displayName>
			<spirit:value spirit:format="string"
					spirit:resolve="user"
					spirit:id="PARAM_VALUE.STANDARD_SEL"
					spirit:choiceRef="xippack_UserParameter_choiceref_Standard_Sel"
					spirit:order="10600"
					spirit:configGroups="1 UnGrouped">SD_ITU_601</spirit:value>
		</spirit:parameter>
		<spirit:parameter>
			<spirit:name>Output_Range</spirit:name>
			<spirit:displayName>Output Range</spirit:displayName>
			<spirit:value spirit:format="string"
					spirit:resolve="user"
					spirit:id="PARAM_VALUE.OUTPUT_RANGE"
					spirit:choiceRef="xippack_UserParameter_choiceref_Output_Range"
					spirit:order="10700"
					spirit:configGroups="1 UnGrouped">16_to_240_for_TV</spirit:value>
		</spirit:parameter>
		<spirit:parameter>
			<spirit:name>acoef</spirit:name>
			<spirit:displayName>Acoef</spirit:displayName>
			<spirit:value spirit:format="float"
					spirit:resolve="user"
					spirit:id="PARAM_VALUE.ACOEF"
					spirit:order="20000"
					spirit:configGroups="2 UnGrouped"
					spirit:minimum="0"
					spirit:maximum="1"
					spirit:rangeType="float">0.299</spirit:value>
		</spirit:parameter>
		<spirit:parameter>
			<spirit:name>bcoef</spirit:name>
			<spirit:displayName>Bcoef</spirit:displayName>
			<spirit:value spirit:format="float"
					spirit:resolve="user"
					spirit:id="PARAM_VALUE.BCOEF"
					spirit:order="20100"
					spirit:configGroups="2 UnGrouped"
					spirit:minimum="0"
					spirit:maximum="1"
					spirit:rangeType="float">0.114</spirit:value>
		</spirit:parameter>
		<spirit:parameter>
			<spirit:name>ccoef</spirit:name>
			<spirit:displayName>Ccoef</spirit:displayName>
			<spirit:value spirit:format="float"
					spirit:resolve="user"
					spirit:id="PARAM_VALUE.CCOEF"
					spirit:order="20200"
					spirit:configGroups="2 UnGrouped"
					spirit:minimum="0"
					spirit:maximum="0.9"
					spirit:rangeType="float">0.713</spirit:value>
		</spirit:parameter>
		<spirit:parameter>
			<spirit:name>dcoef</spirit:name>
			<spirit:displayName>Dcoef</spirit:displayName>
			<spirit:value spirit:format="float"
					spirit:resolve="user"
					spirit:id="PARAM_VALUE.DCOEF"
					spirit:order="20300"
					spirit:configGroups="2 UnGrouped"
					spirit:minimum="0"
					spirit:maximum="0.9"
					spirit:rangeType="float">0.564</spirit:value>
		</spirit:parameter>
		<spirit:parameter>
			<spirit:name>yoffset</spirit:name>
			<spirit:displayName>Yoffset</spirit:displayName>
			<spirit:value spirit:format="long"
					spirit:resolve="user"
					spirit:id="PARAM_VALUE.YOFFSET"
					spirit:order="20400"
					spirit:configGroups="2 UnGrouped"
					spirit:minimum="0"
					spirit:maximum="255"
					spirit:rangeType="long">16</spirit:value>
		</spirit:parameter>
		<spirit:parameter>
			<spirit:name>cboffset</spirit:name>
			<spirit:displayName>Cboffset</spirit:displayName>
			<spirit:value spirit:format="long"
					spirit:resolve="user"
					spirit:id="PARAM_VALUE.CBOFFSET"
					spirit:order="20500"
					spirit:configGroups="2 UnGrouped"
					spirit:minimum="0"
					spirit:maximum="255"
					spirit:rangeType="long">128</spirit:value>
		</spirit:parameter>
		<spirit:parameter>
			<spirit:name>croffset</spirit:name>
			<spirit:displayName>Croffset</spirit:displayName>
			<spirit:value spirit:format="long"
					spirit:resolve="user"
					spirit:id="PARAM_VALUE.CROFFSET"
					spirit:order="20600"
					spirit:configGroups="2 UnGrouped"
					spirit:minimum="0"
					spirit:maximum="255"
					spirit:rangeType="long">128</spirit:value>
		</spirit:parameter>
		<spirit:parameter>
			<spirit:name>has_clip</spirit:name>
			<spirit:displayName>Has Clip</spirit:displayName>
			<spirit:value spirit:format="bool"
					spirit:resolve="user"
					spirit:id="PARAM_VALUE.HAS_CLIP"
					spirit:order="20700"
					spirit:configGroups="2 UnGrouped">true</spirit:value>
		</spirit:parameter>
		<spirit:parameter>
			<spirit:name>ymax</spirit:name>
			<spirit:displayName>Ymax</spirit:displayName>
			<spirit:value spirit:format="long"
					spirit:resolve="user"
					spirit:id="PARAM_VALUE.YMAX"
					spirit:order="20800"
					spirit:configGroups="2 UnGrouped"
					spirit:minimum="0"
					spirit:maximum="255"
					spirit:rangeType="long">240</spirit:value>
		</spirit:parameter>
		<spirit:parameter>
			<spirit:name>cbmax</spirit:name>
			<spirit:displayName>Cbmax</spirit:displayName>
			<spirit:value spirit:format="long"
					spirit:resolve="user"
					spirit:id="PARAM_VALUE.CBMAX"
					spirit:order="20900"
					spirit:configGroups="2 UnGrouped"
					spirit:minimum="0"
					spirit:maximum="255"
					spirit:rangeType="long">240</spirit:value>
		</spirit:parameter>
		<spirit:parameter>
			<spirit:name>crmax</spirit:name>
			<spirit:displayName>Crmax</spirit:displayName>
			<spirit:value spirit:format="long"
					spirit:resolve="user"
					spirit:id="PARAM_VALUE.CRMAX"
					spirit:order="21000"
					spirit:configGroups="2 UnGrouped"
					spirit:minimum="0"
					spirit:maximum="255"
					spirit:rangeType="long">240</spirit:value>
		</spirit:parameter>
		<spirit:parameter>
			<spirit:name>has_clamp</spirit:name>
			<spirit:displayName>Has Clamp</spirit:displayName>
			<spirit:value spirit:format="bool"
					spirit:resolve="user"
					spirit:id="PARAM_VALUE.HAS_CLAMP"
					spirit:order="21100"
					spirit:configGroups="2 UnGrouped">true</spirit:value>
		</spirit:parameter>
		<spirit:parameter>
			<spirit:name>ymin</spirit:name>
			<spirit:displayName>Ymin</spirit:displayName>
			<spirit:value spirit:format="long"
					spirit:resolve="user"
					spirit:id="PARAM_VALUE.YMIN"
					spirit:order="21200"
					spirit:configGroups="2 UnGrouped"
					spirit:minimum="0"
					spirit:maximum="255"
					spirit:rangeType="long">16</spirit:value>
		</spirit:parameter>
		<spirit:parameter>
			<spirit:name>cbmin</spirit:name>
			<spirit:displayName>Cbmin</spirit:displayName>
			<spirit:value spirit:format="long"
					spirit:resolve="user"
					spirit:id="PARAM_VALUE.CBMIN"
					spirit:order="21300"
					spirit:configGroups="2 UnGrouped"
					spirit:minimum="0"
					spirit:maximum="255"
					spirit:rangeType="long">16</spirit:value>
		</spirit:parameter>
		<spirit:parameter>
			<spirit:name>crmin</spirit:name>
			<spirit:displayName>Crmin</spirit:displayName>
			<spirit:value spirit:format="long"
					spirit:resolve="user"
					spirit:id="PARAM_VALUE.CRMIN"
					spirit:order="21400"
					spirit:configGroups="2 UnGrouped"
					spirit:minimum="0"
					spirit:maximum="255"
					spirit:rangeType="long">16</spirit:value>
		</spirit:parameter>
	</spirit:parameters>
	<spirit:vendorExtensions>
		<xilinx:coreExtensions>
			<xilinx:supportedFamilies>
				<xilinx:family xilinx:lifeCycle="Pre-Production">kintex8</xilinx:family>
				<xilinx:family xilinx:lifeCycle="Beta">virtex8</xilinx:family>
				<xilinx:family xilinx:lifeCycle="Production">azynq</xilinx:family>
				<xilinx:family xilinx:lifeCycle="Production">zynq</xilinx:family>
				<xilinx:family xilinx:lifeCycle="Production">kintex7</xilinx:family>
				<xilinx:family xilinx:lifeCycle="Production">kintex7l</xilinx:family>
				<xilinx:family xilinx:lifeCycle="Production">virtex7</xilinx:family>
				<xilinx:family xilinx:lifeCycle="Production">artix7</xilinx:family>
				<xilinx:family xilinx:lifeCycle="Production">artix7l</xilinx:family>
			</xilinx:supportedFamilies>
			<xilinx:taxonomies>
				<xilinx:taxonomy>/Video_&amp;_Image_Processing</xilinx:taxonomy>
			</xilinx:taxonomies>
			<xilinx:displayName>RGB to YCrCb Color-Space Converter</xilinx:displayName>
			<xilinx:coreRevision>1</xilinx:coreRevision>
			<xilinx:licenseKeys>
				<xilinx:licenseKey>v_rgb2ycrcb@2013.10</xilinx:licenseKey>
			</xilinx:licenseKeys>
			<xilinx:paymentRequired>true</xilinx:paymentRequired>
			<xilinx:upgrades>
				<xilinx:canUpgradeFrom>xilinx.com:ip:v_rgb2ycrcb:5.00.a</xilinx:canUpgradeFrom>
				<xilinx:canUpgradeFrom>xilinx.com:ip:v_rgb2ycrcb:6.00.a</xilinx:canUpgradeFrom>
				<xilinx:canUpgradeFrom>xilinx.com:ip:v_rgb2ycrcb:6.01.a</xilinx:canUpgradeFrom>
				<xilinx:canUpgradeFrom>xilinx.com:ip:v_rgb2ycrcb:7.0</xilinx:canUpgradeFrom>
			</xilinx:upgrades>
			<xilinx:coreCreationDateTime>2013-12-02T19:28:41Z</xilinx:coreCreationDateTime>
		</xilinx:coreExtensions>
		<xilinx:packagingInfo>
			<xilinx:xilinxVersion>2013.4</xilinx:xilinxVersion>
		</xilinx:packagingInfo>
	</spirit:vendorExtensions>
</spirit:component>
