<?xml version="1.0" encoding="UTF-8"?>
<DARoots Version="1" Minor="30">
  <FileSet Name="constrs_in" Type="BlockSrcs" RelSrcDir="$PSRCDIR/afifo_64i_16o_k7">
    <File Path="$PPRDIR/../fmc_imageon_vita_receiver_v2/vita_receiver_2.0/ip/afifo_64i_16o_k7/afifo_64i_16o_k7.xci">
      <FileInfo>
        <Attr Name="UsedInSynthesis" Val="1"/>
        <Attr Name="UsedInImplementation" Val="1"/>
        <Attr Name="UsedInSimulation" Val="1"/>
        <Attr Name="UsedIn" Val="synthesis"/>
        <Attr Name="UsedIn" Val="implementation"/>
        <Attr Name="UsedIn" Val="simulation"/>
      </FileInfo>
    </File>
    <Config>
      <Option Name="TopModule" Val="afifo_64i_16o_k7"/>
      <Option Name="UseBlackboxStub" Val="1"/>
    </Config>
  </FileSet>
</DARoots>
