<?xml version="1.0" encoding="UTF-8"?>
<spirit:component xmlns:xilinx="http://www.xilinx.com"
		xmlns:spirit="http://www.spiritconsortium.org/XMLSchema/SPIRIT/1685-2009"
		xmlns:xsi="http://www.w3.org/2001/XMLSchema-instance">
	<spirit:vendor>xilinx.com</spirit:vendor>
	<spirit:library>customized_ip</spirit:library>
	<spirit:name>aximm_temp</spirit:name>
	<spirit:version>1.0</spirit:version>
	<spirit:model>
		<spirit:ports>
			<spirit:port>
				<spirit:name>const</spirit:name>
				<spirit:wire>
					<spirit:direction>out</spirit:direction>
					<spirit:vector>
						<spirit:left spirit:format="long"
								spirit:resolve="immediate">0</spirit:left>
						<spirit:right spirit:format="long"
								spirit:resolve="immediate">0</spirit:right>
					</spirit:vector>
					<spirit:wireTypeDefs>
						<spirit:wireTypeDef>
							<spirit:typeName>std_logic_vector</spirit:typeName>
							<spirit:viewNameRef>dummy_view</spirit:viewNameRef>
						</spirit:wireTypeDef>
					</spirit:wireTypeDefs>
				</spirit:wire>
			</spirit:port>
		</spirit:ports>
	</spirit:model>
	<spirit:choices>
		<spirit:choice>
			<spirit:name>choices_0</spirit:name>
			<spirit:enumeration>READ_WRITE</spirit:enumeration>
			<spirit:enumeration>READ_ONLY</spirit:enumeration>
			<spirit:enumeration>WRITE_ONLY</spirit:enumeration>
		</spirit:choice>
		<spirit:choice>
			<spirit:name>choices_1</spirit:name>
			<spirit:enumeration>AXI4</spirit:enumeration>
			<spirit:enumeration>AXI4LITE</spirit:enumeration>
			<spirit:enumeration>AXI3</spirit:enumeration>
		</spirit:choice>
		<spirit:choice>
			<spirit:name>choices_2</spirit:name>
			<spirit:enumeration>32</spirit:enumeration>
			<spirit:enumeration>64</spirit:enumeration>
			<spirit:enumeration>128</spirit:enumeration>
			<spirit:enumeration>256</spirit:enumeration>
			<spirit:enumeration>512</spirit:enumeration>
			<spirit:enumeration>1024</spirit:enumeration>
			<spirit:enumeration>2048</spirit:enumeration>
		</spirit:choice>
	</spirit:choices>
	<spirit:description>aximm parameters</spirit:description>
	<spirit:parameters>
		<spirit:parameter>
			<spirit:name>CLK_DOMAIN</spirit:name>
			<spirit:displayName>Clk Domain</spirit:displayName>
			<spirit:value spirit:format="string"
					spirit:resolve="user"
					spirit:id="PARAM_VALUE.CLK_DOMAIN"
					spirit:order="1100">0</spirit:value>
			<spirit:vendorExtensions>
				<xilinx:parameterInfo>
					<xilinx:enablement>
						<xilinx:isEnabled xilinx:resolve="dependent">true</xilinx:isEnabled>
					</xilinx:enablement>
				</xilinx:parameterInfo>
			</spirit:vendorExtensions>
		</spirit:parameter>
		<spirit:parameter>
			<spirit:name>PHASE</spirit:name>
			<spirit:displayName>Phase</spirit:displayName>
			<spirit:value spirit:format="float"
					spirit:resolve="user"
					spirit:id="PARAM_VALUE.PHASE"
					spirit:order="1200">0.0</spirit:value>
			<spirit:vendorExtensions>
				<xilinx:parameterInfo>
					<xilinx:enablement>
						<xilinx:isEnabled xilinx:resolve="dependent">true</xilinx:isEnabled>
					</xilinx:enablement>
				</xilinx:parameterInfo>
			</spirit:vendorExtensions>
		</spirit:parameter>
		<spirit:parameter>
			<spirit:name>MAX_BURST_LENGTH</spirit:name>
			<spirit:displayName>Max Burst Length</spirit:displayName>
			<spirit:value spirit:format="long"
					spirit:resolve="user"
					spirit:id="PARAM_VALUE.MAX_BURST_LENGTH"
					spirit:order="1300">256</spirit:value>
			<spirit:vendorExtensions>
				<xilinx:parameterInfo>
					<xilinx:enablement>
						<xilinx:isEnabled xilinx:resolve="dependent">true</xilinx:isEnabled>
					</xilinx:enablement>
				</xilinx:parameterInfo>
			</spirit:vendorExtensions>
		</spirit:parameter>
		<spirit:parameter>
			<spirit:name>NUM_WRITE_OUTSTANDING</spirit:name>
			<spirit:displayName>Num Write Outstanding</spirit:displayName>
			<spirit:value spirit:format="long"
					spirit:resolve="user"
					spirit:id="PARAM_VALUE.NUM_WRITE_OUTSTANDING"
					spirit:order="1400"
					spirit:minimum="0"
					spirit:maximum="32"
					spirit:rangeType="long">1</spirit:value>
			<spirit:vendorExtensions>
				<xilinx:parameterInfo>
					<xilinx:enablement>
						<xilinx:isEnabled xilinx:resolve="dependent">true</xilinx:isEnabled>
					</xilinx:enablement>
				</xilinx:parameterInfo>
			</spirit:vendorExtensions>
		</spirit:parameter>
		<spirit:parameter>
			<spirit:name>NUM_READ_OUTSTANDING</spirit:name>
			<spirit:displayName>Num Read Outstanding</spirit:displayName>
			<spirit:value spirit:format="long"
					spirit:resolve="user"
					spirit:id="PARAM_VALUE.NUM_READ_OUTSTANDING"
					spirit:order="1500"
					spirit:minimum="0"
					spirit:maximum="32"
					spirit:rangeType="long">1</spirit:value>
			<spirit:vendorExtensions>
				<xilinx:parameterInfo>
					<xilinx:enablement>
						<xilinx:isEnabled xilinx:resolve="dependent">true</xilinx:isEnabled>
					</xilinx:enablement>
				</xilinx:parameterInfo>
			</spirit:vendorExtensions>
		</spirit:parameter>
		<spirit:parameter>
			<spirit:name>SUPPORTS_NARROW_BURST</spirit:name>
			<spirit:displayName>Supports Narrow Burst</spirit:displayName>
			<spirit:value spirit:format="long"
					spirit:resolve="user"
					spirit:id="PARAM_VALUE.SUPPORTS_NARROW_BURST"
					spirit:order="1600">1</spirit:value>
			<spirit:vendorExtensions>
				<xilinx:parameterInfo>
					<xilinx:enablement>
						<xilinx:isEnabled xilinx:resolve="dependent">true</xilinx:isEnabled>
					</xilinx:enablement>
				</xilinx:parameterInfo>
			</spirit:vendorExtensions>
		</spirit:parameter>
		<spirit:parameter>
			<spirit:name>READ_WRITE_MODE</spirit:name>
			<spirit:displayName>Read Write Mode</spirit:displayName>
			<spirit:value spirit:format="string"
					spirit:resolve="user"
					spirit:id="PARAM_VALUE.READ_WRITE_MODE"
					spirit:choiceRef="choices_0"
					spirit:order="1700">READ_WRITE</spirit:value>
			<spirit:vendorExtensions>
				<xilinx:parameterInfo>
					<xilinx:enablement>
						<xilinx:isEnabled xilinx:resolve="dependent">true</xilinx:isEnabled>
					</xilinx:enablement>
				</xilinx:parameterInfo>
			</spirit:vendorExtensions>
		</spirit:parameter>
		<spirit:parameter>
			<spirit:name>BUSER_WIDTH</spirit:name>
			<spirit:displayName>Buser Width</spirit:displayName>
			<spirit:value spirit:format="long"
					spirit:resolve="user"
					spirit:id="PARAM_VALUE.BUSER_WIDTH"
					spirit:order="1800">0</spirit:value>
			<spirit:vendorExtensions>
				<xilinx:parameterInfo>
					<xilinx:enablement>
						<xilinx:isEnabled xilinx:resolve="dependent">true</xilinx:isEnabled>
					</xilinx:enablement>
				</xilinx:parameterInfo>
			</spirit:vendorExtensions>
		</spirit:parameter>
		<spirit:parameter>
			<spirit:name>RUSER_WIDTH</spirit:name>
			<spirit:displayName>Ruser Width</spirit:displayName>
			<spirit:value spirit:format="long"
					spirit:resolve="user"
					spirit:id="PARAM_VALUE.RUSER_WIDTH"
					spirit:order="1900">0</spirit:value>
			<spirit:vendorExtensions>
				<xilinx:parameterInfo>
					<xilinx:enablement>
						<xilinx:isEnabled xilinx:resolve="dependent">true</xilinx:isEnabled>
					</xilinx:enablement>
				</xilinx:parameterInfo>
			</spirit:vendorExtensions>
		</spirit:parameter>
		<spirit:parameter>
			<spirit:name>WUSER_WIDTH</spirit:name>
			<spirit:displayName>Wuser Width</spirit:displayName>
			<spirit:value spirit:format="long"
					spirit:resolve="user"
					spirit:id="PARAM_VALUE.WUSER_WIDTH"
					spirit:order="2000">0</spirit:value>
			<spirit:vendorExtensions>
				<xilinx:parameterInfo>
					<xilinx:enablement>
						<xilinx:isEnabled xilinx:resolve="dependent">true</xilinx:isEnabled>
					</xilinx:enablement>
				</xilinx:parameterInfo>
			</spirit:vendorExtensions>
		</spirit:parameter>
		<spirit:parameter>
			<spirit:name>ARUSER_WIDTH</spirit:name>
			<spirit:displayName>Aruser Width</spirit:displayName>
			<spirit:value spirit:format="long"
					spirit:resolve="user"
					spirit:id="PARAM_VALUE.ARUSER_WIDTH"
					spirit:order="2100">0</spirit:value>
			<spirit:vendorExtensions>
				<xilinx:parameterInfo>
					<xilinx:enablement>
						<xilinx:isEnabled xilinx:resolve="dependent">true</xilinx:isEnabled>
					</xilinx:enablement>
				</xilinx:parameterInfo>
			</spirit:vendorExtensions>
		</spirit:parameter>
		<spirit:parameter>
			<spirit:name>AWUSER_WIDTH</spirit:name>
			<spirit:displayName>Awuser Width</spirit:displayName>
			<spirit:value spirit:format="long"
					spirit:resolve="user"
					spirit:id="PARAM_VALUE.AWUSER_WIDTH"
					spirit:order="2200">0</spirit:value>
			<spirit:vendorExtensions>
				<xilinx:parameterInfo>
					<xilinx:enablement>
						<xilinx:isEnabled xilinx:resolve="dependent">true</xilinx:isEnabled>
					</xilinx:enablement>
				</xilinx:parameterInfo>
			</spirit:vendorExtensions>
		</spirit:parameter>
		<spirit:parameter>
			<spirit:name>ADDR_WIDTH</spirit:name>
			<spirit:displayName>Addr Width</spirit:displayName>
			<spirit:value spirit:format="long"
					spirit:resolve="user"
					spirit:id="PARAM_VALUE.ADDR_WIDTH"
					spirit:order="2300"
					spirit:minimum="1"
					spirit:maximum="64">32</spirit:value>
			<spirit:vendorExtensions>
				<xilinx:parameterInfo>
					<xilinx:enablement>
						<xilinx:isEnabled xilinx:resolve="dependent">true</xilinx:isEnabled>
					</xilinx:enablement>
				</xilinx:parameterInfo>
			</spirit:vendorExtensions>
		</spirit:parameter>
		<spirit:parameter>
			<spirit:name>ID_WIDTH</spirit:name>
			<spirit:displayName>Id Width</spirit:displayName>
			<spirit:value spirit:format="long"
					spirit:resolve="user"
					spirit:id="PARAM_VALUE.ID_WIDTH"
					spirit:order="2400">0</spirit:value>
			<spirit:vendorExtensions>
				<xilinx:parameterInfo>
					<xilinx:enablement>
						<xilinx:isEnabled xilinx:resolve="dependent">true</xilinx:isEnabled>
					</xilinx:enablement>
				</xilinx:parameterInfo>
			</spirit:vendorExtensions>
		</spirit:parameter>
		<spirit:parameter>
			<spirit:name>FREQ_HZ</spirit:name>
			<spirit:displayName>Freq Hz</spirit:displayName>
			<spirit:value spirit:format="float"
					spirit:resolve="user"
					spirit:id="PARAM_VALUE.FREQ_HZ"
					spirit:order="2500">100000000</spirit:value>
			<spirit:vendorExtensions>
				<xilinx:parameterInfo>
					<xilinx:enablement>
						<xilinx:isEnabled xilinx:resolve="dependent">true</xilinx:isEnabled>
					</xilinx:enablement>
				</xilinx:parameterInfo>
			</spirit:vendorExtensions>
		</spirit:parameter>
		<spirit:parameter>
			<spirit:name>PROTOCOL</spirit:name>
			<spirit:displayName>Protocol</spirit:displayName>
			<spirit:value spirit:format="string"
					spirit:resolve="user"
					spirit:id="PARAM_VALUE.PROTOCOL"
					spirit:choiceRef="choices_1"
					spirit:order="2600">AXI4</spirit:value>
			<spirit:vendorExtensions>
				<xilinx:parameterInfo>
					<xilinx:enablement>
						<xilinx:isEnabled xilinx:resolve="dependent">true</xilinx:isEnabled>
					</xilinx:enablement>
				</xilinx:parameterInfo>
			</spirit:vendorExtensions>
		</spirit:parameter>
		<spirit:parameter>
			<spirit:name>DATA_WIDTH</spirit:name>
			<spirit:displayName>Data Width</spirit:displayName>
			<spirit:value spirit:format="long"
					spirit:resolve="user"
					spirit:id="PARAM_VALUE.DATA_WIDTH"
					spirit:choiceRef="choices_2"
					spirit:order="2700">32</spirit:value>
			<spirit:vendorExtensions>
				<xilinx:parameterInfo>
					<xilinx:enablement>
						<xilinx:isEnabled xilinx:resolve="dependent">true</xilinx:isEnabled>
					</xilinx:enablement>
				</xilinx:parameterInfo>
			</spirit:vendorExtensions>
		</spirit:parameter>
		<spirit:parameter>
			<spirit:name>Component_Name</spirit:name>
			<spirit:value spirit:resolve="user"
					spirit:id="PARAM_VALUE.Component_Name"
					spirit:order="1">aximm_temp</spirit:value>
		</spirit:parameter>
	</spirit:parameters>
	<spirit:vendorExtensions>
		<xilinx:coreExtensions>
			<xilinx:supportedFamilies>
				<xilinx:family xilinx:lifeCycle="Hidden">artix7</xilinx:family>
				<xilinx:family xilinx:lifeCycle="Hidden">kintex7</xilinx:family>
				<xilinx:family xilinx:lifeCycle="Hidden">kintex7l</xilinx:family>
				<xilinx:family xilinx:lifeCycle="Hidden">virtex7</xilinx:family>
				<xilinx:family xilinx:lifeCycle="Hidden">virtex7l</xilinx:family>
				<xilinx:family xilinx:lifeCycle="Hidden">zynq</xilinx:family>
				<xilinx:family xilinx:lifeCycle="Hidden">artix7l</xilinx:family>
				<xilinx:family xilinx:lifeCycle="Hidden">aartix7</xilinx:family>
				<xilinx:family xilinx:lifeCycle="Hidden">qvirtex7</xilinx:family>
				<xilinx:family xilinx:lifeCycle="Hidden">qkintex7</xilinx:family>
				<xilinx:family xilinx:lifeCycle="Hidden">qvirtex7l</xilinx:family>
				<xilinx:family xilinx:lifeCycle="Hidden">qkintex7l</xilinx:family>
				<xilinx:family xilinx:lifeCycle="Hidden">qartix7</xilinx:family>
				<xilinx:family xilinx:lifeCycle="Hidden">qartix7l</xilinx:family>
				<xilinx:family xilinx:lifeCycle="Hidden">qzynq</xilinx:family>
				<xilinx:family xilinx:lifeCycle="Hidden">azynq</xilinx:family>
				<xilinx:family xilinx:lifeCycle="Hidden">olyevalarch</xilinx:family>
				<xilinx:family xilinx:lifeCycle="Hidden">virtex8</xilinx:family>
				<xilinx:family xilinx:lifeCycle="Hidden">zynq7000</xilinx:family>
				<xilinx:family xilinx:lifeCycle="Hidden">virtex7</xilinx:family>
			</xilinx:supportedFamilies>
			<xilinx:taxonomies>
				<xilinx:taxonomy>&quot;&quot;</xilinx:taxonomy>
			</xilinx:taxonomies>
			<xilinx:displayName>aximm</xilinx:displayName>
			<xilinx:designToolContexts>
				<xilinx:designToolContext>IPI</xilinx:designToolContext>
			</xilinx:designToolContexts>
			<xilinx:coreRevision>1</xilinx:coreRevision>
			<xilinx:coreCreationDateTime>2013-08-12T15:01:14Z</xilinx:coreCreationDateTime>
			<xilinx:tags>
				<xilinx:tag xilinx:name="nopcore"/>
			</xilinx:tags>
		</xilinx:coreExtensions>
		<xilinx:packagingInfo>
			<xilinx:xilinxVersion>2013.3.0</xilinx:xilinxVersion>
		</xilinx:packagingInfo>
	</spirit:vendorExtensions>
</spirit:component>
