<?xml version="1.0" encoding="UTF-8"?>
<DARoots Version="1" Minor="30">
  <FileSet Name="constrs_in" Type="BlockSrcs" RelSrcDir="$PSRCDIR/afifo_32_generic">
    <File Path="$PSRCDIR/sources_1/ip/afifo_32_generic/afifo_32_generic.xci">
      <FileInfo>
        <Attr Name="UsedInSynthesis" Val="1"/>
        <Attr Name="UsedInImplementation" Val="1"/>
        <Attr Name="UsedInSimulation" Val="1"/>
        <Attr Name="UsedIn" Val="synthesis"/>
        <Attr Name="UsedIn" Val="implementation"/>
        <Attr Name="UsedIn" Val="simulation"/>
      </FileInfo>
    </File>
    <Config>
      <Option Name="TopModule" Val="afifo_32_generic"/>
      <Option Name="UseBlackboxStub" Val="1"/>
    </Config>
  </FileSet>
</DARoots>
