<?xml version="1.0" encoding="UTF-8"?>
<spirit:component xmlns:xilinx="http://www.xilinx.com"
		xmlns:spirit="http://www.spiritconsortium.org/XMLSchema/SPIRIT/1685-2009"
		xmlns:xsi="http://www.w3.org/2001/XMLSchema-instance">
	<spirit:vendor>xilinx.com</spirit:vendor>
	<spirit:library>customized_ip</spirit:library>
	<spirit:name>design_1_v_tpg_1_0</spirit:name>
	<spirit:version>1.0</spirit:version>
	<spirit:busInterfaces>
		<spirit:busInterface>
			<spirit:name>ctrl</spirit:name>
			<spirit:displayName>CTRL</spirit:displayName>
			<spirit:busType spirit:vendor="xilinx.com"
					spirit:library="interface"
					spirit:name="aximm"
					spirit:version="1.0"/>
			<spirit:abstractionType spirit:vendor="xilinx.com"
					spirit:library="interface"
					spirit:name="aximm_rtl"
					spirit:version="1.0"/>
			<spirit:slave/>
			<spirit:portMaps>
				<spirit:portMap>
					<spirit:logicalPort>
						<spirit:name>ARADDR</spirit:name>
					</spirit:logicalPort>
					<spirit:physicalPort>
						<spirit:name>s_axi_araddr</spirit:name>
					</spirit:physicalPort>
				</spirit:portMap>
				<spirit:portMap>
					<spirit:logicalPort>
						<spirit:name>ARREADY</spirit:name>
					</spirit:logicalPort>
					<spirit:physicalPort>
						<spirit:name>s_axi_arready</spirit:name>
					</spirit:physicalPort>
				</spirit:portMap>
				<spirit:portMap>
					<spirit:logicalPort>
						<spirit:name>ARVALID</spirit:name>
					</spirit:logicalPort>
					<spirit:physicalPort>
						<spirit:name>s_axi_arvalid</spirit:name>
					</spirit:physicalPort>
				</spirit:portMap>
				<spirit:portMap>
					<spirit:logicalPort>
						<spirit:name>AWADDR</spirit:name>
					</spirit:logicalPort>
					<spirit:physicalPort>
						<spirit:name>s_axi_awaddr</spirit:name>
					</spirit:physicalPort>
				</spirit:portMap>
				<spirit:portMap>
					<spirit:logicalPort>
						<spirit:name>AWREADY</spirit:name>
					</spirit:logicalPort>
					<spirit:physicalPort>
						<spirit:name>s_axi_awready</spirit:name>
					</spirit:physicalPort>
				</spirit:portMap>
				<spirit:portMap>
					<spirit:logicalPort>
						<spirit:name>AWVALID</spirit:name>
					</spirit:logicalPort>
					<spirit:physicalPort>
						<spirit:name>s_axi_awvalid</spirit:name>
					</spirit:physicalPort>
				</spirit:portMap>
				<spirit:portMap>
					<spirit:logicalPort>
						<spirit:name>BREADY</spirit:name>
					</spirit:logicalPort>
					<spirit:physicalPort>
						<spirit:name>s_axi_bready</spirit:name>
					</spirit:physicalPort>
				</spirit:portMap>
				<spirit:portMap>
					<spirit:logicalPort>
						<spirit:name>BRESP</spirit:name>
					</spirit:logicalPort>
					<spirit:physicalPort>
						<spirit:name>s_axi_bresp</spirit:name>
					</spirit:physicalPort>
				</spirit:portMap>
				<spirit:portMap>
					<spirit:logicalPort>
						<spirit:name>BVALID</spirit:name>
					</spirit:logicalPort>
					<spirit:physicalPort>
						<spirit:name>s_axi_bvalid</spirit:name>
					</spirit:physicalPort>
				</spirit:portMap>
				<spirit:portMap>
					<spirit:logicalPort>
						<spirit:name>RDATA</spirit:name>
					</spirit:logicalPort>
					<spirit:physicalPort>
						<spirit:name>s_axi_rdata</spirit:name>
					</spirit:physicalPort>
				</spirit:portMap>
				<spirit:portMap>
					<spirit:logicalPort>
						<spirit:name>RREADY</spirit:name>
					</spirit:logicalPort>
					<spirit:physicalPort>
						<spirit:name>s_axi_rready</spirit:name>
					</spirit:physicalPort>
				</spirit:portMap>
				<spirit:portMap>
					<spirit:logicalPort>
						<spirit:name>RRESP</spirit:name>
					</spirit:logicalPort>
					<spirit:physicalPort>
						<spirit:name>s_axi_rresp</spirit:name>
					</spirit:physicalPort>
				</spirit:portMap>
				<spirit:portMap>
					<spirit:logicalPort>
						<spirit:name>RVALID</spirit:name>
					</spirit:logicalPort>
					<spirit:physicalPort>
						<spirit:name>s_axi_rvalid</spirit:name>
					</spirit:physicalPort>
				</spirit:portMap>
				<spirit:portMap>
					<spirit:logicalPort>
						<spirit:name>WDATA</spirit:name>
					</spirit:logicalPort>
					<spirit:physicalPort>
						<spirit:name>s_axi_wdata</spirit:name>
					</spirit:physicalPort>
				</spirit:portMap>
				<spirit:portMap>
					<spirit:logicalPort>
						<spirit:name>WREADY</spirit:name>
					</spirit:logicalPort>
					<spirit:physicalPort>
						<spirit:name>s_axi_wready</spirit:name>
					</spirit:physicalPort>
				</spirit:portMap>
				<spirit:portMap>
					<spirit:logicalPort>
						<spirit:name>WSTRB</spirit:name>
					</spirit:logicalPort>
					<spirit:physicalPort>
						<spirit:name>s_axi_wstrb</spirit:name>
					</spirit:physicalPort>
				</spirit:portMap>
				<spirit:portMap>
					<spirit:logicalPort>
						<spirit:name>WVALID</spirit:name>
					</spirit:logicalPort>
					<spirit:physicalPort>
						<spirit:name>s_axi_wvalid</spirit:name>
					</spirit:physicalPort>
				</spirit:portMap>
			</spirit:portMaps>
			<spirit:vendorExtensions>
				<xilinx:busInterfaceInfo>
					<xilinx:enablement>
						<xilinx:presence>optional</xilinx:presence>
						<xilinx:isEnabled xilinx:resolve="dependent"
								xilinx:dependency="(spirit:decode(id(&apos;MODELPARAM_VALUE.C_HAS_AXI4_LITE&apos;))>=1)">true</xilinx:isEnabled>
					</xilinx:enablement>
				</xilinx:busInterfaceInfo>
			</spirit:vendorExtensions>
		</spirit:busInterface>
		<spirit:busInterface>
			<spirit:name>video_out</spirit:name>
			<spirit:displayName>VIDEO_OUT</spirit:displayName>
			<spirit:busType spirit:vendor="xilinx.com"
					spirit:library="interface"
					spirit:name="axis"
					spirit:version="1.0"/>
			<spirit:abstractionType spirit:vendor="xilinx.com"
					spirit:library="interface"
					spirit:name="axis_rtl"
					spirit:version="1.0"/>
			<spirit:master/>
			<spirit:portMaps>
				<spirit:portMap>
					<spirit:logicalPort>
						<spirit:name>TDATA</spirit:name>
					</spirit:logicalPort>
					<spirit:physicalPort>
						<spirit:name>m_axis_video_tdata</spirit:name>
					</spirit:physicalPort>
				</spirit:portMap>
				<spirit:portMap>
					<spirit:logicalPort>
						<spirit:name>TLAST</spirit:name>
					</spirit:logicalPort>
					<spirit:physicalPort>
						<spirit:name>m_axis_video_tlast</spirit:name>
					</spirit:physicalPort>
				</spirit:portMap>
				<spirit:portMap>
					<spirit:logicalPort>
						<spirit:name>TREADY</spirit:name>
					</spirit:logicalPort>
					<spirit:physicalPort>
						<spirit:name>m_axis_video_tready</spirit:name>
					</spirit:physicalPort>
				</spirit:portMap>
				<spirit:portMap>
					<spirit:logicalPort>
						<spirit:name>TUSER</spirit:name>
					</spirit:logicalPort>
					<spirit:physicalPort>
						<spirit:name>m_axis_video_tuser</spirit:name>
					</spirit:physicalPort>
				</spirit:portMap>
				<spirit:portMap>
					<spirit:logicalPort>
						<spirit:name>TVALID</spirit:name>
					</spirit:logicalPort>
					<spirit:physicalPort>
						<spirit:name>m_axis_video_tvalid</spirit:name>
					</spirit:physicalPort>
				</spirit:portMap>
			</spirit:portMaps>
		</spirit:busInterface>
		<spirit:busInterface>
			<spirit:name>video_in</spirit:name>
			<spirit:displayName>VIDEO_IN</spirit:displayName>
			<spirit:busType spirit:vendor="xilinx.com"
					spirit:library="interface"
					spirit:name="axis"
					spirit:version="1.0"/>
			<spirit:abstractionType spirit:vendor="xilinx.com"
					spirit:library="interface"
					spirit:name="axis_rtl"
					spirit:version="1.0"/>
			<spirit:slave/>
			<spirit:portMaps>
				<spirit:portMap>
					<spirit:logicalPort>
						<spirit:name>TDATA</spirit:name>
					</spirit:logicalPort>
					<spirit:physicalPort>
						<spirit:name>s_axis_video_tdata</spirit:name>
					</spirit:physicalPort>
				</spirit:portMap>
				<spirit:portMap>
					<spirit:logicalPort>
						<spirit:name>TLAST</spirit:name>
					</spirit:logicalPort>
					<spirit:physicalPort>
						<spirit:name>s_axis_video_tlast</spirit:name>
					</spirit:physicalPort>
				</spirit:portMap>
				<spirit:portMap>
					<spirit:logicalPort>
						<spirit:name>TREADY</spirit:name>
					</spirit:logicalPort>
					<spirit:physicalPort>
						<spirit:name>s_axis_video_tready</spirit:name>
					</spirit:physicalPort>
				</spirit:portMap>
				<spirit:portMap>
					<spirit:logicalPort>
						<spirit:name>TUSER</spirit:name>
					</spirit:logicalPort>
					<spirit:physicalPort>
						<spirit:name>s_axis_video_tuser</spirit:name>
					</spirit:physicalPort>
				</spirit:portMap>
				<spirit:portMap>
					<spirit:logicalPort>
						<spirit:name>TVALID</spirit:name>
					</spirit:logicalPort>
					<spirit:physicalPort>
						<spirit:name>s_axis_video_tvalid</spirit:name>
					</spirit:physicalPort>
				</spirit:portMap>
			</spirit:portMaps>
			<spirit:vendorExtensions>
				<xilinx:busInterfaceInfo>
					<xilinx:enablement>
						<xilinx:presence>optional</xilinx:presence>
						<xilinx:isEnabled xilinx:resolve="dependent"
								xilinx:dependency="(spirit:decode(id(&apos;MODELPARAM_VALUE.C_S_AXIS_VIDEO_TUSER_WIDTH&apos;))>=1)">false</xilinx:isEnabled>
					</xilinx:enablement>
				</xilinx:busInterfaceInfo>
			</spirit:vendorExtensions>
		</spirit:busInterface>
		<spirit:busInterface>
			<spirit:name>aclk_intf</spirit:name>
			<spirit:displayName>aclk_intf</spirit:displayName>
			<spirit:busType spirit:vendor="xilinx.com"
					spirit:library="signal"
					spirit:name="clock"
					spirit:version="1.0"/>
			<spirit:abstractionType spirit:vendor="xilinx.com"
					spirit:library="signal"
					spirit:name="clock_rtl"
					spirit:version="1.0"/>
			<spirit:slave/>
			<spirit:portMaps>
				<spirit:portMap>
					<spirit:logicalPort>
						<spirit:name>CLK</spirit:name>
					</spirit:logicalPort>
					<spirit:physicalPort>
						<spirit:name>aclk</spirit:name>
					</spirit:physicalPort>
				</spirit:portMap>
			</spirit:portMaps>
			<spirit:parameters>
				<spirit:parameter>
					<spirit:name>ASSOCIATED_BUSIF</spirit:name>
					<spirit:value spirit:id="BUSIFPARAM_VALUE.ACLK_INTF.ASSOCIATED_BUSIF">video_in:video_out</spirit:value>
				</spirit:parameter>
				<spirit:parameter>
					<spirit:name>ASSOCIATED_RESET</spirit:name>
					<spirit:value spirit:id="BUSIFPARAM_VALUE.ACLK_INTF.ASSOCIATED_RESET">aresetn</spirit:value>
				</spirit:parameter>
				<spirit:parameter>
					<spirit:name>ASSOCIATED_CLKEN</spirit:name>
					<spirit:value spirit:id="BUSIFPARAM_VALUE.ACLK_INTF.ASSOCIATED_CLKEN">aclken</spirit:value>
				</spirit:parameter>
			</spirit:parameters>
		</spirit:busInterface>
		<spirit:busInterface>
			<spirit:name>aresetn_intf</spirit:name>
			<spirit:displayName>aresetn_intf</spirit:displayName>
			<spirit:busType spirit:vendor="xilinx.com"
					spirit:library="signal"
					spirit:name="reset"
					spirit:version="1.0"/>
			<spirit:abstractionType spirit:vendor="xilinx.com"
					spirit:library="signal"
					spirit:name="reset_rtl"
					spirit:version="1.0"/>
			<spirit:slave/>
			<spirit:portMaps>
				<spirit:portMap>
					<spirit:logicalPort>
						<spirit:name>RST</spirit:name>
					</spirit:logicalPort>
					<spirit:physicalPort>
						<spirit:name>aresetn</spirit:name>
					</spirit:physicalPort>
				</spirit:portMap>
			</spirit:portMaps>
			<spirit:parameters>
				<spirit:parameter>
					<spirit:name>POLARITY</spirit:name>
					<spirit:value spirit:id="BUSIFPARAM_VALUE.ARESETN_INTF.POLARITY">ACTIVE_LOW</spirit:value>
				</spirit:parameter>
			</spirit:parameters>
		</spirit:busInterface>
		<spirit:busInterface>
			<spirit:name>aclken_intf</spirit:name>
			<spirit:displayName>aclken_intf</spirit:displayName>
			<spirit:busType spirit:vendor="xilinx.com"
					spirit:library="signal"
					spirit:name="clockenable"
					spirit:version="1.0"/>
			<spirit:abstractionType spirit:vendor="xilinx.com"
					spirit:library="signal"
					spirit:name="clockenable_rtl"
					spirit:version="1.0"/>
			<spirit:slave/>
			<spirit:portMaps>
				<spirit:portMap>
					<spirit:logicalPort>
						<spirit:name>CE</spirit:name>
					</spirit:logicalPort>
					<spirit:physicalPort>
						<spirit:name>aclken</spirit:name>
					</spirit:physicalPort>
				</spirit:portMap>
			</spirit:portMaps>
		</spirit:busInterface>
		<spirit:busInterface>
			<spirit:name>s_axi_aclk_intf</spirit:name>
			<spirit:displayName>s_axi_aclk_intf</spirit:displayName>
			<spirit:busType spirit:vendor="xilinx.com"
					spirit:library="signal"
					spirit:name="clock"
					spirit:version="1.0"/>
			<spirit:abstractionType spirit:vendor="xilinx.com"
					spirit:library="signal"
					spirit:name="clock_rtl"
					spirit:version="1.0"/>
			<spirit:slave/>
			<spirit:portMaps>
				<spirit:portMap>
					<spirit:logicalPort>
						<spirit:name>CLK</spirit:name>
					</spirit:logicalPort>
					<spirit:physicalPort>
						<spirit:name>s_axi_aclk</spirit:name>
					</spirit:physicalPort>
				</spirit:portMap>
			</spirit:portMaps>
			<spirit:parameters>
				<spirit:parameter>
					<spirit:name>ASSOCIATED_BUSIF</spirit:name>
					<spirit:value spirit:id="BUSIFPARAM_VALUE.S_AXI_ACLK_INTF.ASSOCIATED_BUSIF">ctrl</spirit:value>
				</spirit:parameter>
				<spirit:parameter>
					<spirit:name>ASSOCIATED_RESET</spirit:name>
					<spirit:value spirit:id="BUSIFPARAM_VALUE.S_AXI_ACLK_INTF.ASSOCIATED_RESET">s_axi_aresetn</spirit:value>
				</spirit:parameter>
				<spirit:parameter>
					<spirit:name>ASSOCIATED_CLKEN</spirit:name>
					<spirit:value spirit:id="BUSIFPARAM_VALUE.S_AXI_ACLK_INTF.ASSOCIATED_CLKEN">s_axi_aclken</spirit:value>
				</spirit:parameter>
			</spirit:parameters>
			<spirit:vendorExtensions>
				<xilinx:busInterfaceInfo>
					<xilinx:enablement>
						<xilinx:presence>optional</xilinx:presence>
						<xilinx:isEnabled xilinx:resolve="dependent"
								xilinx:dependency="(spirit:decode(id(&apos;MODELPARAM_VALUE.C_HAS_AXI4_LITE&apos;))>=1)">true</xilinx:isEnabled>
					</xilinx:enablement>
				</xilinx:busInterfaceInfo>
			</spirit:vendorExtensions>
		</spirit:busInterface>
		<spirit:busInterface>
			<spirit:name>s_axi_aresetn_intf</spirit:name>
			<spirit:displayName>s_axi_aresetn_intf</spirit:displayName>
			<spirit:busType spirit:vendor="xilinx.com"
					spirit:library="signal"
					spirit:name="reset"
					spirit:version="1.0"/>
			<spirit:abstractionType spirit:vendor="xilinx.com"
					spirit:library="signal"
					spirit:name="reset_rtl"
					spirit:version="1.0"/>
			<spirit:slave/>
			<spirit:portMaps>
				<spirit:portMap>
					<spirit:logicalPort>
						<spirit:name>RST</spirit:name>
					</spirit:logicalPort>
					<spirit:physicalPort>
						<spirit:name>s_axi_aresetn</spirit:name>
					</spirit:physicalPort>
				</spirit:portMap>
			</spirit:portMaps>
			<spirit:parameters>
				<spirit:parameter>
					<spirit:name>POLARITY</spirit:name>
					<spirit:value spirit:id="BUSIFPARAM_VALUE.S_AXI_ARESETN_INTF.POLARITY">ACTIVE_LOW</spirit:value>
				</spirit:parameter>
			</spirit:parameters>
			<spirit:vendorExtensions>
				<xilinx:busInterfaceInfo>
					<xilinx:enablement>
						<xilinx:presence>optional</xilinx:presence>
						<xilinx:isEnabled xilinx:resolve="dependent"
								xilinx:dependency="(spirit:decode(id(&apos;MODELPARAM_VALUE.C_HAS_AXI4_LITE&apos;))>=1)">true</xilinx:isEnabled>
					</xilinx:enablement>
				</xilinx:busInterfaceInfo>
			</spirit:vendorExtensions>
		</spirit:busInterface>
		<spirit:busInterface>
			<spirit:name>s_axi_aclken_intf</spirit:name>
			<spirit:displayName>s_axi_aclken_intf</spirit:displayName>
			<spirit:busType spirit:vendor="xilinx.com"
					spirit:library="signal"
					spirit:name="clockenable"
					spirit:version="1.0"/>
			<spirit:abstractionType spirit:vendor="xilinx.com"
					spirit:library="signal"
					spirit:name="clockenable_rtl"
					spirit:version="1.0"/>
			<spirit:slave/>
			<spirit:portMaps>
				<spirit:portMap>
					<spirit:logicalPort>
						<spirit:name>CE</spirit:name>
					</spirit:logicalPort>
					<spirit:physicalPort>
						<spirit:name>s_axi_aclken</spirit:name>
					</spirit:physicalPort>
				</spirit:portMap>
			</spirit:portMaps>
			<spirit:vendorExtensions>
				<xilinx:busInterfaceInfo>
					<xilinx:enablement>
						<xilinx:presence>optional</xilinx:presence>
						<xilinx:isEnabled xilinx:resolve="dependent"
								xilinx:dependency="(spirit:decode(id(&apos;MODELPARAM_VALUE.C_HAS_AXI4_LITE&apos;))>=1)">true</xilinx:isEnabled>
					</xilinx:enablement>
				</xilinx:busInterfaceInfo>
			</spirit:vendorExtensions>
		</spirit:busInterface>
		<spirit:busInterface>
			<spirit:name>irq_intf</spirit:name>
			<spirit:displayName>irq_intf</spirit:displayName>
			<spirit:busType spirit:vendor="xilinx.com"
					spirit:library="signal"
					spirit:name="interrupt"
					spirit:version="1.0"/>
			<spirit:abstractionType spirit:vendor="xilinx.com"
					spirit:library="signal"
					spirit:name="interrupt_rtl"
					spirit:version="1.0"/>
			<spirit:master/>
			<spirit:portMaps>
				<spirit:portMap>
					<spirit:logicalPort>
						<spirit:name>INTERRUPT</spirit:name>
					</spirit:logicalPort>
					<spirit:physicalPort>
						<spirit:name>irq</spirit:name>
					</spirit:physicalPort>
				</spirit:portMap>
			</spirit:portMaps>
			<spirit:parameters>
				<spirit:parameter>
					<spirit:name>SENSITIVITY</spirit:name>
					<spirit:value spirit:id="BUSIFPARAM_VALUE.IRQ_INTF.SENSITIVITY">LEVEL_HIGH</spirit:value>
				</spirit:parameter>
			</spirit:parameters>
			<spirit:vendorExtensions>
				<xilinx:busInterfaceInfo>
					<xilinx:enablement>
						<xilinx:presence>optional</xilinx:presence>
						<xilinx:isEnabled xilinx:resolve="dependent"
								xilinx:dependency="(spirit:decode(id(&apos;MODELPARAM_VALUE.C_HAS_AXI4_LITE&apos;))>=1)">true</xilinx:isEnabled>
					</xilinx:enablement>
				</xilinx:busInterfaceInfo>
			</spirit:vendorExtensions>
		</spirit:busInterface>
	</spirit:busInterfaces>
	<spirit:model>
		<spirit:ports>
			<spirit:port>
				<spirit:name>aclk</spirit:name>
				<spirit:wire>
					<spirit:direction>in</spirit:direction>
					<spirit:wireTypeDefs>
						<spirit:wireTypeDef>
							<spirit:typeName>std_logic</spirit:typeName>
							<spirit:viewNameRef>dummy_view</spirit:viewNameRef>
						</spirit:wireTypeDef>
					</spirit:wireTypeDefs>
				</spirit:wire>
				<spirit:vendorExtensions>
					<xilinx:portInfo>
						<xilinx:enablement>
							<xilinx:isEnabled>true</xilinx:isEnabled>
						</xilinx:enablement>
					</xilinx:portInfo>
				</spirit:vendorExtensions>
			</spirit:port>
			<spirit:port>
				<spirit:name>aclken</spirit:name>
				<spirit:wire>
					<spirit:direction>in</spirit:direction>
					<spirit:wireTypeDefs>
						<spirit:wireTypeDef>
							<spirit:typeName>std_logic</spirit:typeName>
							<spirit:viewNameRef>dummy_view</spirit:viewNameRef>
						</spirit:wireTypeDef>
					</spirit:wireTypeDefs>
					<spirit:driver>
						<spirit:defaultValue spirit:format="bitString"
								spirit:bitStringLength="1">0x1</spirit:defaultValue>
					</spirit:driver>
				</spirit:wire>
				<spirit:vendorExtensions>
					<xilinx:portInfo>
						<xilinx:enablement>
							<xilinx:isEnabled>true</xilinx:isEnabled>
						</xilinx:enablement>
					</xilinx:portInfo>
				</spirit:vendorExtensions>
			</spirit:port>
			<spirit:port>
				<spirit:name>aresetn</spirit:name>
				<spirit:wire>
					<spirit:direction>in</spirit:direction>
					<spirit:wireTypeDefs>
						<spirit:wireTypeDef>
							<spirit:typeName>std_logic</spirit:typeName>
							<spirit:viewNameRef>dummy_view</spirit:viewNameRef>
						</spirit:wireTypeDef>
					</spirit:wireTypeDefs>
					<spirit:driver>
						<spirit:defaultValue spirit:format="bitString"
								spirit:bitStringLength="1">0x1</spirit:defaultValue>
					</spirit:driver>
				</spirit:wire>
				<spirit:vendorExtensions>
					<xilinx:portInfo>
						<xilinx:enablement>
							<xilinx:isEnabled>true</xilinx:isEnabled>
						</xilinx:enablement>
					</xilinx:portInfo>
				</spirit:vendorExtensions>
			</spirit:port>
			<spirit:port>
				<spirit:name>intc_if</spirit:name>
				<spirit:wire>
					<spirit:direction>out</spirit:direction>
					<spirit:vector>
						<spirit:left>8</spirit:left>
						<spirit:right>0</spirit:right>
					</spirit:vector>
					<spirit:wireTypeDefs>
						<spirit:wireTypeDef>
							<spirit:typeName>std_logic_vector</spirit:typeName>
							<spirit:viewNameRef>dummy_view</spirit:viewNameRef>
						</spirit:wireTypeDef>
					</spirit:wireTypeDefs>
					<spirit:driver>
						<spirit:defaultValue>0</spirit:defaultValue>
					</spirit:driver>
				</spirit:wire>
				<spirit:vendorExtensions>
					<xilinx:portInfo>
						<xilinx:enablement>
							<xilinx:presence>optional</xilinx:presence>
							<xilinx:isEnabled xilinx:resolve="dependent"
									xilinx:dependency="(spirit:decode(id(&apos;MODELPARAM_VALUE.C_HAS_INTC_IF&apos;)) >= 1)">false</xilinx:isEnabled>
						</xilinx:enablement>
					</xilinx:portInfo>
				</spirit:vendorExtensions>
			</spirit:port>
			<spirit:port>
				<spirit:name>irq</spirit:name>
				<spirit:wire>
					<spirit:direction>out</spirit:direction>
					<spirit:wireTypeDefs>
						<spirit:wireTypeDef>
							<spirit:typeName>std_logic</spirit:typeName>
							<spirit:viewNameRef>dummy_view</spirit:viewNameRef>
						</spirit:wireTypeDef>
					</spirit:wireTypeDefs>
					<spirit:driver>
						<spirit:defaultValue spirit:format="bitString"
								spirit:bitStringLength="1">0x0</spirit:defaultValue>
					</spirit:driver>
				</spirit:wire>
				<spirit:vendorExtensions>
					<xilinx:portInfo>
						<xilinx:enablement>
							<xilinx:presence>optional</xilinx:presence>
							<xilinx:isEnabled xilinx:resolve="dependent"
									xilinx:dependency="(spirit:decode(id(&apos;MODELPARAM_VALUE.C_HAS_AXI4_LITE&apos;)) >= 1)">true</xilinx:isEnabled>
						</xilinx:enablement>
					</xilinx:portInfo>
				</spirit:vendorExtensions>
			</spirit:port>
			<spirit:port>
				<spirit:name>s_axis_video_tdata</spirit:name>
				<spirit:wire>
					<spirit:direction>in</spirit:direction>
					<spirit:vector>
						<spirit:left spirit:resolve="dependent"
								spirit:dependency="(spirit:decode(id(&apos;MODELPARAM_VALUE.C_S_AXIS_VIDEO_TDATA_WIDTH&apos;)) - 1)">15</spirit:left>
						<spirit:right>0</spirit:right>
					</spirit:vector>
					<spirit:wireTypeDefs>
						<spirit:wireTypeDef>
							<spirit:typeName>std_logic_vector</spirit:typeName>
							<spirit:viewNameRef>dummy_view</spirit:viewNameRef>
						</spirit:wireTypeDef>
					</spirit:wireTypeDefs>
					<spirit:driver>
						<spirit:defaultValue>0</spirit:defaultValue>
					</spirit:driver>
				</spirit:wire>
				<spirit:vendorExtensions>
					<xilinx:portInfo>
						<xilinx:enablement>
							<xilinx:presence>optional</xilinx:presence>
							<xilinx:isEnabled xilinx:resolve="dependent"
									xilinx:dependency="(spirit:decode(id(&apos;MODELPARAM_VALUE.C_S_AXIS_VIDEO_TUSER_WIDTH&apos;)) >= 1)">false</xilinx:isEnabled>
						</xilinx:enablement>
					</xilinx:portInfo>
				</spirit:vendorExtensions>
			</spirit:port>
			<spirit:port>
				<spirit:name>s_axis_video_tready</spirit:name>
				<spirit:wire>
					<spirit:direction>out</spirit:direction>
					<spirit:wireTypeDefs>
						<spirit:wireTypeDef>
							<spirit:typeName>std_logic</spirit:typeName>
							<spirit:viewNameRef>dummy_view</spirit:viewNameRef>
						</spirit:wireTypeDef>
					</spirit:wireTypeDefs>
				</spirit:wire>
				<spirit:vendorExtensions>
					<xilinx:portInfo>
						<xilinx:enablement>
							<xilinx:presence>optional</xilinx:presence>
							<xilinx:isEnabled xilinx:resolve="dependent"
									xilinx:dependency="(spirit:decode(id(&apos;MODELPARAM_VALUE.C_S_AXIS_VIDEO_TUSER_WIDTH&apos;)) >= 1)">false</xilinx:isEnabled>
						</xilinx:enablement>
					</xilinx:portInfo>
				</spirit:vendorExtensions>
			</spirit:port>
			<spirit:port>
				<spirit:name>s_axis_video_tvalid</spirit:name>
				<spirit:wire>
					<spirit:direction>in</spirit:direction>
					<spirit:wireTypeDefs>
						<spirit:wireTypeDef>
							<spirit:typeName>std_logic</spirit:typeName>
							<spirit:viewNameRef>dummy_view</spirit:viewNameRef>
						</spirit:wireTypeDef>
					</spirit:wireTypeDefs>
					<spirit:driver>
						<spirit:defaultValue spirit:format="bitString"
								spirit:bitStringLength="1">0x0</spirit:defaultValue>
					</spirit:driver>
				</spirit:wire>
				<spirit:vendorExtensions>
					<xilinx:portInfo>
						<xilinx:enablement>
							<xilinx:presence>optional</xilinx:presence>
							<xilinx:isEnabled xilinx:resolve="dependent"
									xilinx:dependency="(spirit:decode(id(&apos;MODELPARAM_VALUE.C_S_AXIS_VIDEO_TUSER_WIDTH&apos;)) >= 1)">false</xilinx:isEnabled>
						</xilinx:enablement>
					</xilinx:portInfo>
				</spirit:vendorExtensions>
			</spirit:port>
			<spirit:port>
				<spirit:name>s_axis_video_tlast</spirit:name>
				<spirit:wire>
					<spirit:direction>in</spirit:direction>
					<spirit:wireTypeDefs>
						<spirit:wireTypeDef>
							<spirit:typeName>std_logic</spirit:typeName>
							<spirit:viewNameRef>dummy_view</spirit:viewNameRef>
						</spirit:wireTypeDef>
					</spirit:wireTypeDefs>
					<spirit:driver>
						<spirit:defaultValue spirit:format="bitString"
								spirit:bitStringLength="1">0x0</spirit:defaultValue>
					</spirit:driver>
				</spirit:wire>
				<spirit:vendorExtensions>
					<xilinx:portInfo>
						<xilinx:enablement>
							<xilinx:presence>optional</xilinx:presence>
							<xilinx:isEnabled xilinx:resolve="dependent"
									xilinx:dependency="(spirit:decode(id(&apos;MODELPARAM_VALUE.C_S_AXIS_VIDEO_TUSER_WIDTH&apos;)) >= 1)">false</xilinx:isEnabled>
						</xilinx:enablement>
					</xilinx:portInfo>
				</spirit:vendorExtensions>
			</spirit:port>
			<spirit:port>
				<spirit:name>s_axis_video_tuser</spirit:name>
				<spirit:wire>
					<spirit:direction>in</spirit:direction>
					<spirit:wireTypeDefs>
						<spirit:wireTypeDef>
							<spirit:typeName>std_logic</spirit:typeName>
							<spirit:viewNameRef>dummy_view</spirit:viewNameRef>
						</spirit:wireTypeDef>
					</spirit:wireTypeDefs>
					<spirit:driver>
						<spirit:defaultValue spirit:format="bitString"
								spirit:bitStringLength="1">0x0</spirit:defaultValue>
					</spirit:driver>
				</spirit:wire>
				<spirit:vendorExtensions>
					<xilinx:portInfo>
						<xilinx:enablement>
							<xilinx:presence>optional</xilinx:presence>
							<xilinx:isEnabled xilinx:resolve="dependent"
									xilinx:dependency="(spirit:decode(id(&apos;MODELPARAM_VALUE.C_S_AXIS_VIDEO_TUSER_WIDTH&apos;)) >= 1)">false</xilinx:isEnabled>
						</xilinx:enablement>
					</xilinx:portInfo>
				</spirit:vendorExtensions>
			</spirit:port>
			<spirit:port>
				<spirit:name>m_axis_video_tdata</spirit:name>
				<spirit:wire>
					<spirit:direction>out</spirit:direction>
					<spirit:vector>
						<spirit:left spirit:resolve="dependent"
								spirit:dependency="(spirit:decode(id(&apos;MODELPARAM_VALUE.C_M_AXIS_VIDEO_TDATA_WIDTH&apos;)) - 1)">23</spirit:left>
						<spirit:right>0</spirit:right>
					</spirit:vector>
					<spirit:wireTypeDefs>
						<spirit:wireTypeDef>
							<spirit:typeName>std_logic_vector</spirit:typeName>
							<spirit:viewNameRef>dummy_view</spirit:viewNameRef>
						</spirit:wireTypeDef>
					</spirit:wireTypeDefs>
					<spirit:driver>
						<spirit:defaultValue>0</spirit:defaultValue>
					</spirit:driver>
				</spirit:wire>
				<spirit:vendorExtensions>
					<xilinx:portInfo>
						<xilinx:enablement>
							<xilinx:isEnabled>true</xilinx:isEnabled>
						</xilinx:enablement>
					</xilinx:portInfo>
				</spirit:vendorExtensions>
			</spirit:port>
			<spirit:port>
				<spirit:name>m_axis_video_tvalid</spirit:name>
				<spirit:wire>
					<spirit:direction>out</spirit:direction>
					<spirit:wireTypeDefs>
						<spirit:wireTypeDef>
							<spirit:typeName>std_logic</spirit:typeName>
							<spirit:viewNameRef>dummy_view</spirit:viewNameRef>
						</spirit:wireTypeDef>
					</spirit:wireTypeDefs>
					<spirit:driver>
						<spirit:defaultValue spirit:format="bitString"
								spirit:bitStringLength="1">0x0</spirit:defaultValue>
					</spirit:driver>
				</spirit:wire>
				<spirit:vendorExtensions>
					<xilinx:portInfo>
						<xilinx:enablement>
							<xilinx:isEnabled>true</xilinx:isEnabled>
						</xilinx:enablement>
					</xilinx:portInfo>
				</spirit:vendorExtensions>
			</spirit:port>
			<spirit:port>
				<spirit:name>m_axis_video_tready</spirit:name>
				<spirit:wire>
					<spirit:direction>in</spirit:direction>
					<spirit:wireTypeDefs>
						<spirit:wireTypeDef>
							<spirit:typeName>std_logic</spirit:typeName>
							<spirit:viewNameRef>dummy_view</spirit:viewNameRef>
						</spirit:wireTypeDef>
					</spirit:wireTypeDefs>
					<spirit:driver>
						<spirit:defaultValue spirit:format="bitString"
								spirit:bitStringLength="1">0x1</spirit:defaultValue>
					</spirit:driver>
				</spirit:wire>
				<spirit:vendorExtensions>
					<xilinx:portInfo>
						<xilinx:enablement>
							<xilinx:isEnabled>true</xilinx:isEnabled>
						</xilinx:enablement>
					</xilinx:portInfo>
				</spirit:vendorExtensions>
			</spirit:port>
			<spirit:port>
				<spirit:name>m_axis_video_tlast</spirit:name>
				<spirit:wire>
					<spirit:direction>out</spirit:direction>
					<spirit:wireTypeDefs>
						<spirit:wireTypeDef>
							<spirit:typeName>std_logic</spirit:typeName>
							<spirit:viewNameRef>dummy_view</spirit:viewNameRef>
						</spirit:wireTypeDef>
					</spirit:wireTypeDefs>
					<spirit:driver>
						<spirit:defaultValue spirit:format="bitString"
								spirit:bitStringLength="1">0x0</spirit:defaultValue>
					</spirit:driver>
				</spirit:wire>
				<spirit:vendorExtensions>
					<xilinx:portInfo>
						<xilinx:enablement>
							<xilinx:isEnabled>true</xilinx:isEnabled>
						</xilinx:enablement>
					</xilinx:portInfo>
				</spirit:vendorExtensions>
			</spirit:port>
			<spirit:port>
				<spirit:name>m_axis_video_tuser</spirit:name>
				<spirit:wire>
					<spirit:direction>out</spirit:direction>
					<spirit:wireTypeDefs>
						<spirit:wireTypeDef>
							<spirit:typeName>std_logic</spirit:typeName>
							<spirit:viewNameRef>dummy_view</spirit:viewNameRef>
						</spirit:wireTypeDef>
					</spirit:wireTypeDefs>
					<spirit:driver>
						<spirit:defaultValue spirit:format="bitString"
								spirit:bitStringLength="1">0x0</spirit:defaultValue>
					</spirit:driver>
				</spirit:wire>
				<spirit:vendorExtensions>
					<xilinx:portInfo>
						<xilinx:enablement>
							<xilinx:isEnabled>true</xilinx:isEnabled>
						</xilinx:enablement>
					</xilinx:portInfo>
				</spirit:vendorExtensions>
			</spirit:port>
			<spirit:port>
				<spirit:name>s_axi_aclk</spirit:name>
				<spirit:wire>
					<spirit:direction>in</spirit:direction>
					<spirit:wireTypeDefs>
						<spirit:wireTypeDef>
							<spirit:typeName>std_logic</spirit:typeName>
							<spirit:viewNameRef>dummy_view</spirit:viewNameRef>
						</spirit:wireTypeDef>
					</spirit:wireTypeDefs>
					<spirit:driver>
						<spirit:defaultValue spirit:format="bitString"
								spirit:bitStringLength="1">0x0</spirit:defaultValue>
					</spirit:driver>
				</spirit:wire>
				<spirit:vendorExtensions>
					<xilinx:portInfo>
						<xilinx:enablement>
							<xilinx:presence>optional</xilinx:presence>
							<xilinx:isEnabled xilinx:resolve="dependent"
									xilinx:dependency="(spirit:decode(id(&apos;MODELPARAM_VALUE.C_HAS_AXI4_LITE&apos;)) >= 1)">true</xilinx:isEnabled>
						</xilinx:enablement>
					</xilinx:portInfo>
				</spirit:vendorExtensions>
			</spirit:port>
			<spirit:port>
				<spirit:name>s_axi_aclken</spirit:name>
				<spirit:wire>
					<spirit:direction>in</spirit:direction>
					<spirit:wireTypeDefs>
						<spirit:wireTypeDef>
							<spirit:typeName>std_logic</spirit:typeName>
							<spirit:viewNameRef>dummy_view</spirit:viewNameRef>
						</spirit:wireTypeDef>
					</spirit:wireTypeDefs>
					<spirit:driver>
						<spirit:defaultValue spirit:format="bitString"
								spirit:bitStringLength="1">0x1</spirit:defaultValue>
					</spirit:driver>
				</spirit:wire>
				<spirit:vendorExtensions>
					<xilinx:portInfo>
						<xilinx:enablement>
							<xilinx:presence>optional</xilinx:presence>
							<xilinx:isEnabled xilinx:resolve="dependent"
									xilinx:dependency="(spirit:decode(id(&apos;MODELPARAM_VALUE.C_HAS_AXI4_LITE&apos;)) >= 1)">true</xilinx:isEnabled>
						</xilinx:enablement>
					</xilinx:portInfo>
				</spirit:vendorExtensions>
			</spirit:port>
			<spirit:port>
				<spirit:name>s_axi_aresetn</spirit:name>
				<spirit:wire>
					<spirit:direction>in</spirit:direction>
					<spirit:wireTypeDefs>
						<spirit:wireTypeDef>
							<spirit:typeName>std_logic</spirit:typeName>
							<spirit:viewNameRef>dummy_view</spirit:viewNameRef>
						</spirit:wireTypeDef>
					</spirit:wireTypeDefs>
					<spirit:driver>
						<spirit:defaultValue spirit:format="bitString"
								spirit:bitStringLength="1">0x1</spirit:defaultValue>
					</spirit:driver>
				</spirit:wire>
				<spirit:vendorExtensions>
					<xilinx:portInfo>
						<xilinx:enablement>
							<xilinx:presence>optional</xilinx:presence>
							<xilinx:isEnabled xilinx:resolve="dependent"
									xilinx:dependency="(spirit:decode(id(&apos;MODELPARAM_VALUE.C_HAS_AXI4_LITE&apos;)) >= 1)">true</xilinx:isEnabled>
						</xilinx:enablement>
					</xilinx:portInfo>
				</spirit:vendorExtensions>
			</spirit:port>
			<spirit:port>
				<spirit:name>s_axi_awaddr</spirit:name>
				<spirit:wire>
					<spirit:direction>in</spirit:direction>
					<spirit:vector>
						<spirit:left spirit:resolve="dependent"
								spirit:dependency="(spirit:decode(id(&apos;MODELPARAM_VALUE.C_S_AXI_ADDR_WIDTH&apos;)) - 1)">8</spirit:left>
						<spirit:right>0</spirit:right>
					</spirit:vector>
					<spirit:wireTypeDefs>
						<spirit:wireTypeDef>
							<spirit:typeName>std_logic_vector</spirit:typeName>
							<spirit:viewNameRef>dummy_view</spirit:viewNameRef>
						</spirit:wireTypeDef>
					</spirit:wireTypeDefs>
					<spirit:driver>
						<spirit:defaultValue>0</spirit:defaultValue>
					</spirit:driver>
				</spirit:wire>
				<spirit:vendorExtensions>
					<xilinx:portInfo>
						<xilinx:enablement>
							<xilinx:presence>optional</xilinx:presence>
							<xilinx:isEnabled xilinx:resolve="dependent"
									xilinx:dependency="(spirit:decode(id(&apos;MODELPARAM_VALUE.C_HAS_AXI4_LITE&apos;)) >= 1)">true</xilinx:isEnabled>
						</xilinx:enablement>
					</xilinx:portInfo>
				</spirit:vendorExtensions>
			</spirit:port>
			<spirit:port>
				<spirit:name>s_axi_awvalid</spirit:name>
				<spirit:wire>
					<spirit:direction>in</spirit:direction>
					<spirit:wireTypeDefs>
						<spirit:wireTypeDef>
							<spirit:typeName>std_logic</spirit:typeName>
							<spirit:viewNameRef>dummy_view</spirit:viewNameRef>
						</spirit:wireTypeDef>
					</spirit:wireTypeDefs>
					<spirit:driver>
						<spirit:defaultValue spirit:format="bitString"
								spirit:bitStringLength="1">0x0</spirit:defaultValue>
					</spirit:driver>
				</spirit:wire>
				<spirit:vendorExtensions>
					<xilinx:portInfo>
						<xilinx:enablement>
							<xilinx:presence>optional</xilinx:presence>
							<xilinx:isEnabled xilinx:resolve="dependent"
									xilinx:dependency="(spirit:decode(id(&apos;MODELPARAM_VALUE.C_HAS_AXI4_LITE&apos;)) >= 1)">true</xilinx:isEnabled>
						</xilinx:enablement>
					</xilinx:portInfo>
				</spirit:vendorExtensions>
			</spirit:port>
			<spirit:port>
				<spirit:name>s_axi_awready</spirit:name>
				<spirit:wire>
					<spirit:direction>out</spirit:direction>
					<spirit:wireTypeDefs>
						<spirit:wireTypeDef>
							<spirit:typeName>std_logic</spirit:typeName>
							<spirit:viewNameRef>dummy_view</spirit:viewNameRef>
						</spirit:wireTypeDef>
					</spirit:wireTypeDefs>
				</spirit:wire>
				<spirit:vendorExtensions>
					<xilinx:portInfo>
						<xilinx:enablement>
							<xilinx:presence>optional</xilinx:presence>
							<xilinx:isEnabled xilinx:resolve="dependent"
									xilinx:dependency="(spirit:decode(id(&apos;MODELPARAM_VALUE.C_HAS_AXI4_LITE&apos;)) >= 1)">true</xilinx:isEnabled>
						</xilinx:enablement>
					</xilinx:portInfo>
				</spirit:vendorExtensions>
			</spirit:port>
			<spirit:port>
				<spirit:name>s_axi_wdata</spirit:name>
				<spirit:wire>
					<spirit:direction>in</spirit:direction>
					<spirit:vector>
						<spirit:left spirit:resolve="dependent"
								spirit:dependency="(spirit:decode(id(&apos;MODELPARAM_VALUE.C_S_AXI_DATA_WIDTH&apos;)) - 1)">31</spirit:left>
						<spirit:right>0</spirit:right>
					</spirit:vector>
					<spirit:wireTypeDefs>
						<spirit:wireTypeDef>
							<spirit:typeName>std_logic_vector</spirit:typeName>
							<spirit:viewNameRef>dummy_view</spirit:viewNameRef>
						</spirit:wireTypeDef>
					</spirit:wireTypeDefs>
					<spirit:driver>
						<spirit:defaultValue>0</spirit:defaultValue>
					</spirit:driver>
				</spirit:wire>
				<spirit:vendorExtensions>
					<xilinx:portInfo>
						<xilinx:enablement>
							<xilinx:presence>optional</xilinx:presence>
							<xilinx:isEnabled xilinx:resolve="dependent"
									xilinx:dependency="(spirit:decode(id(&apos;MODELPARAM_VALUE.C_HAS_AXI4_LITE&apos;)) >= 1)">true</xilinx:isEnabled>
						</xilinx:enablement>
					</xilinx:portInfo>
				</spirit:vendorExtensions>
			</spirit:port>
			<spirit:port>
				<spirit:name>s_axi_wstrb</spirit:name>
				<spirit:wire>
					<spirit:direction>in</spirit:direction>
					<spirit:vector>
						<spirit:left spirit:resolve="dependent"
								spirit:dependency="((spirit:decode(id(&apos;MODELPARAM_VALUE.C_S_AXI_DATA_WIDTH&apos;)) div 8) - 1)">3</spirit:left>
						<spirit:right>0</spirit:right>
					</spirit:vector>
					<spirit:wireTypeDefs>
						<spirit:wireTypeDef>
							<spirit:typeName>std_logic_vector</spirit:typeName>
							<spirit:viewNameRef>dummy_view</spirit:viewNameRef>
						</spirit:wireTypeDef>
					</spirit:wireTypeDefs>
					<spirit:driver>
						<spirit:defaultValue>0</spirit:defaultValue>
					</spirit:driver>
				</spirit:wire>
				<spirit:vendorExtensions>
					<xilinx:portInfo>
						<xilinx:enablement>
							<xilinx:presence>optional</xilinx:presence>
							<xilinx:isEnabled xilinx:resolve="dependent"
									xilinx:dependency="(spirit:decode(id(&apos;MODELPARAM_VALUE.C_HAS_AXI4_LITE&apos;)) >= 1)">true</xilinx:isEnabled>
						</xilinx:enablement>
					</xilinx:portInfo>
				</spirit:vendorExtensions>
			</spirit:port>
			<spirit:port>
				<spirit:name>s_axi_wvalid</spirit:name>
				<spirit:wire>
					<spirit:direction>in</spirit:direction>
					<spirit:wireTypeDefs>
						<spirit:wireTypeDef>
							<spirit:typeName>std_logic</spirit:typeName>
							<spirit:viewNameRef>dummy_view</spirit:viewNameRef>
						</spirit:wireTypeDef>
					</spirit:wireTypeDefs>
					<spirit:driver>
						<spirit:defaultValue spirit:format="bitString"
								spirit:bitStringLength="1">0x0</spirit:defaultValue>
					</spirit:driver>
				</spirit:wire>
				<spirit:vendorExtensions>
					<xilinx:portInfo>
						<xilinx:enablement>
							<xilinx:presence>optional</xilinx:presence>
							<xilinx:isEnabled xilinx:resolve="dependent"
									xilinx:dependency="(spirit:decode(id(&apos;MODELPARAM_VALUE.C_HAS_AXI4_LITE&apos;)) >= 1)">true</xilinx:isEnabled>
						</xilinx:enablement>
					</xilinx:portInfo>
				</spirit:vendorExtensions>
			</spirit:port>
			<spirit:port>
				<spirit:name>s_axi_wready</spirit:name>
				<spirit:wire>
					<spirit:direction>out</spirit:direction>
					<spirit:wireTypeDefs>
						<spirit:wireTypeDef>
							<spirit:typeName>std_logic</spirit:typeName>
							<spirit:viewNameRef>dummy_view</spirit:viewNameRef>
						</spirit:wireTypeDef>
					</spirit:wireTypeDefs>
				</spirit:wire>
				<spirit:vendorExtensions>
					<xilinx:portInfo>
						<xilinx:enablement>
							<xilinx:presence>optional</xilinx:presence>
							<xilinx:isEnabled xilinx:resolve="dependent"
									xilinx:dependency="(spirit:decode(id(&apos;MODELPARAM_VALUE.C_HAS_AXI4_LITE&apos;)) >= 1)">true</xilinx:isEnabled>
						</xilinx:enablement>
					</xilinx:portInfo>
				</spirit:vendorExtensions>
			</spirit:port>
			<spirit:port>
				<spirit:name>s_axi_bresp</spirit:name>
				<spirit:wire>
					<spirit:direction>out</spirit:direction>
					<spirit:vector>
						<spirit:left>1</spirit:left>
						<spirit:right>0</spirit:right>
					</spirit:vector>
					<spirit:wireTypeDefs>
						<spirit:wireTypeDef>
							<spirit:typeName>std_logic_vector</spirit:typeName>
							<spirit:viewNameRef>dummy_view</spirit:viewNameRef>
						</spirit:wireTypeDef>
					</spirit:wireTypeDefs>
				</spirit:wire>
				<spirit:vendorExtensions>
					<xilinx:portInfo>
						<xilinx:enablement>
							<xilinx:presence>optional</xilinx:presence>
							<xilinx:isEnabled xilinx:resolve="dependent"
									xilinx:dependency="(spirit:decode(id(&apos;MODELPARAM_VALUE.C_HAS_AXI4_LITE&apos;)) >= 1)">true</xilinx:isEnabled>
						</xilinx:enablement>
					</xilinx:portInfo>
				</spirit:vendorExtensions>
			</spirit:port>
			<spirit:port>
				<spirit:name>s_axi_bvalid</spirit:name>
				<spirit:wire>
					<spirit:direction>out</spirit:direction>
					<spirit:wireTypeDefs>
						<spirit:wireTypeDef>
							<spirit:typeName>std_logic</spirit:typeName>
							<spirit:viewNameRef>dummy_view</spirit:viewNameRef>
						</spirit:wireTypeDef>
					</spirit:wireTypeDefs>
				</spirit:wire>
				<spirit:vendorExtensions>
					<xilinx:portInfo>
						<xilinx:enablement>
							<xilinx:presence>optional</xilinx:presence>
							<xilinx:isEnabled xilinx:resolve="dependent"
									xilinx:dependency="(spirit:decode(id(&apos;MODELPARAM_VALUE.C_HAS_AXI4_LITE&apos;)) >= 1)">true</xilinx:isEnabled>
						</xilinx:enablement>
					</xilinx:portInfo>
				</spirit:vendorExtensions>
			</spirit:port>
			<spirit:port>
				<spirit:name>s_axi_bready</spirit:name>
				<spirit:wire>
					<spirit:direction>in</spirit:direction>
					<spirit:wireTypeDefs>
						<spirit:wireTypeDef>
							<spirit:typeName>std_logic</spirit:typeName>
							<spirit:viewNameRef>dummy_view</spirit:viewNameRef>
						</spirit:wireTypeDef>
					</spirit:wireTypeDefs>
					<spirit:driver>
						<spirit:defaultValue spirit:format="bitString"
								spirit:bitStringLength="1">0x0</spirit:defaultValue>
					</spirit:driver>
				</spirit:wire>
				<spirit:vendorExtensions>
					<xilinx:portInfo>
						<xilinx:enablement>
							<xilinx:presence>optional</xilinx:presence>
							<xilinx:isEnabled xilinx:resolve="dependent"
									xilinx:dependency="(spirit:decode(id(&apos;MODELPARAM_VALUE.C_HAS_AXI4_LITE&apos;)) >= 1)">true</xilinx:isEnabled>
						</xilinx:enablement>
					</xilinx:portInfo>
				</spirit:vendorExtensions>
			</spirit:port>
			<spirit:port>
				<spirit:name>s_axi_araddr</spirit:name>
				<spirit:wire>
					<spirit:direction>in</spirit:direction>
					<spirit:vector>
						<spirit:left spirit:resolve="dependent"
								spirit:dependency="(spirit:decode(id(&apos;MODELPARAM_VALUE.C_S_AXI_ADDR_WIDTH&apos;)) - 1)">8</spirit:left>
						<spirit:right>0</spirit:right>
					</spirit:vector>
					<spirit:wireTypeDefs>
						<spirit:wireTypeDef>
							<spirit:typeName>std_logic_vector</spirit:typeName>
							<spirit:viewNameRef>dummy_view</spirit:viewNameRef>
						</spirit:wireTypeDef>
					</spirit:wireTypeDefs>
					<spirit:driver>
						<spirit:defaultValue>0</spirit:defaultValue>
					</spirit:driver>
				</spirit:wire>
				<spirit:vendorExtensions>
					<xilinx:portInfo>
						<xilinx:enablement>
							<xilinx:presence>optional</xilinx:presence>
							<xilinx:isEnabled xilinx:resolve="dependent"
									xilinx:dependency="(spirit:decode(id(&apos;MODELPARAM_VALUE.C_HAS_AXI4_LITE&apos;)) >= 1)">true</xilinx:isEnabled>
						</xilinx:enablement>
					</xilinx:portInfo>
				</spirit:vendorExtensions>
			</spirit:port>
			<spirit:port>
				<spirit:name>s_axi_arvalid</spirit:name>
				<spirit:wire>
					<spirit:direction>in</spirit:direction>
					<spirit:wireTypeDefs>
						<spirit:wireTypeDef>
							<spirit:typeName>std_logic</spirit:typeName>
							<spirit:viewNameRef>dummy_view</spirit:viewNameRef>
						</spirit:wireTypeDef>
					</spirit:wireTypeDefs>
					<spirit:driver>
						<spirit:defaultValue spirit:format="bitString"
								spirit:bitStringLength="1">0x0</spirit:defaultValue>
					</spirit:driver>
				</spirit:wire>
				<spirit:vendorExtensions>
					<xilinx:portInfo>
						<xilinx:enablement>
							<xilinx:presence>optional</xilinx:presence>
							<xilinx:isEnabled xilinx:resolve="dependent"
									xilinx:dependency="(spirit:decode(id(&apos;MODELPARAM_VALUE.C_HAS_AXI4_LITE&apos;)) >= 1)">true</xilinx:isEnabled>
						</xilinx:enablement>
					</xilinx:portInfo>
				</spirit:vendorExtensions>
			</spirit:port>
			<spirit:port>
				<spirit:name>s_axi_arready</spirit:name>
				<spirit:wire>
					<spirit:direction>out</spirit:direction>
					<spirit:wireTypeDefs>
						<spirit:wireTypeDef>
							<spirit:typeName>std_logic</spirit:typeName>
							<spirit:viewNameRef>dummy_view</spirit:viewNameRef>
						</spirit:wireTypeDef>
					</spirit:wireTypeDefs>
					<spirit:driver>
						<spirit:defaultValue spirit:format="bitString"
								spirit:bitStringLength="1">0x0</spirit:defaultValue>
					</spirit:driver>
				</spirit:wire>
				<spirit:vendorExtensions>
					<xilinx:portInfo>
						<xilinx:enablement>
							<xilinx:presence>optional</xilinx:presence>
							<xilinx:isEnabled xilinx:resolve="dependent"
									xilinx:dependency="(spirit:decode(id(&apos;MODELPARAM_VALUE.C_HAS_AXI4_LITE&apos;)) >= 1)">true</xilinx:isEnabled>
						</xilinx:enablement>
					</xilinx:portInfo>
				</spirit:vendorExtensions>
			</spirit:port>
			<spirit:port>
				<spirit:name>s_axi_rdata</spirit:name>
				<spirit:wire>
					<spirit:direction>out</spirit:direction>
					<spirit:vector>
						<spirit:left spirit:resolve="dependent"
								spirit:dependency="(spirit:decode(id(&apos;MODELPARAM_VALUE.C_S_AXI_DATA_WIDTH&apos;)) - 1)">31</spirit:left>
						<spirit:right>0</spirit:right>
					</spirit:vector>
					<spirit:wireTypeDefs>
						<spirit:wireTypeDef>
							<spirit:typeName>std_logic_vector</spirit:typeName>
							<spirit:viewNameRef>dummy_view</spirit:viewNameRef>
						</spirit:wireTypeDef>
					</spirit:wireTypeDefs>
				</spirit:wire>
				<spirit:vendorExtensions>
					<xilinx:portInfo>
						<xilinx:enablement>
							<xilinx:presence>optional</xilinx:presence>
							<xilinx:isEnabled xilinx:resolve="dependent"
									xilinx:dependency="(spirit:decode(id(&apos;MODELPARAM_VALUE.C_HAS_AXI4_LITE&apos;)) >= 1)">true</xilinx:isEnabled>
						</xilinx:enablement>
					</xilinx:portInfo>
				</spirit:vendorExtensions>
			</spirit:port>
			<spirit:port>
				<spirit:name>s_axi_rresp</spirit:name>
				<spirit:wire>
					<spirit:direction>out</spirit:direction>
					<spirit:vector>
						<spirit:left>1</spirit:left>
						<spirit:right>0</spirit:right>
					</spirit:vector>
					<spirit:wireTypeDefs>
						<spirit:wireTypeDef>
							<spirit:typeName>std_logic_vector</spirit:typeName>
							<spirit:viewNameRef>dummy_view</spirit:viewNameRef>
						</spirit:wireTypeDef>
					</spirit:wireTypeDefs>
				</spirit:wire>
				<spirit:vendorExtensions>
					<xilinx:portInfo>
						<xilinx:enablement>
							<xilinx:presence>optional</xilinx:presence>
							<xilinx:isEnabled xilinx:resolve="dependent"
									xilinx:dependency="(spirit:decode(id(&apos;MODELPARAM_VALUE.C_HAS_AXI4_LITE&apos;)) >= 1)">true</xilinx:isEnabled>
						</xilinx:enablement>
					</xilinx:portInfo>
				</spirit:vendorExtensions>
			</spirit:port>
			<spirit:port>
				<spirit:name>s_axi_rvalid</spirit:name>
				<spirit:wire>
					<spirit:direction>out</spirit:direction>
					<spirit:wireTypeDefs>
						<spirit:wireTypeDef>
							<spirit:typeName>std_logic</spirit:typeName>
							<spirit:viewNameRef>dummy_view</spirit:viewNameRef>
						</spirit:wireTypeDef>
					</spirit:wireTypeDefs>
				</spirit:wire>
				<spirit:vendorExtensions>
					<xilinx:portInfo>
						<xilinx:enablement>
							<xilinx:presence>optional</xilinx:presence>
							<xilinx:isEnabled xilinx:resolve="dependent"
									xilinx:dependency="(spirit:decode(id(&apos;MODELPARAM_VALUE.C_HAS_AXI4_LITE&apos;)) >= 1)">true</xilinx:isEnabled>
						</xilinx:enablement>
					</xilinx:portInfo>
				</spirit:vendorExtensions>
			</spirit:port>
			<spirit:port>
				<spirit:name>s_axi_rready</spirit:name>
				<spirit:wire>
					<spirit:direction>in</spirit:direction>
					<spirit:wireTypeDefs>
						<spirit:wireTypeDef>
							<spirit:typeName>std_logic</spirit:typeName>
							<spirit:viewNameRef>dummy_view</spirit:viewNameRef>
						</spirit:wireTypeDef>
					</spirit:wireTypeDefs>
					<spirit:driver>
						<spirit:defaultValue spirit:format="bitString"
								spirit:bitStringLength="1">0x0</spirit:defaultValue>
					</spirit:driver>
				</spirit:wire>
				<spirit:vendorExtensions>
					<xilinx:portInfo>
						<xilinx:enablement>
							<xilinx:presence>optional</xilinx:presence>
							<xilinx:isEnabled xilinx:resolve="dependent"
									xilinx:dependency="(spirit:decode(id(&apos;MODELPARAM_VALUE.C_HAS_AXI4_LITE&apos;)) >= 1)">true</xilinx:isEnabled>
						</xilinx:enablement>
					</xilinx:portInfo>
				</spirit:vendorExtensions>
			</spirit:port>
		</spirit:ports>
		<spirit:modelParameters>
			<spirit:modelParameter xsi:type="spirit:nameValueTypeType"
					spirit:dataType="integer">
				<spirit:name>C_S_AXIS_VIDEO_DATA_WIDTH</spirit:name>
				<spirit:value spirit:format="long"
						spirit:resolve="generated"
						spirit:id="MODELPARAM_VALUE.C_S_AXIS_VIDEO_DATA_WIDTH"
						spirit:minimum="8"
						spirit:maximum="12">8</spirit:value>
			</spirit:modelParameter>
			<spirit:modelParameter spirit:dataType="integer">
				<spirit:name>C_M_AXIS_VIDEO_DATA_WIDTH</spirit:name>
				<spirit:value spirit:format="long"
						spirit:resolve="generated"
						spirit:id="MODELPARAM_VALUE.C_M_AXIS_VIDEO_DATA_WIDTH"
						spirit:maximum="12">8</spirit:value>
			</spirit:modelParameter>
			<spirit:modelParameter spirit:dataType="integer">
				<spirit:name>C_S_AXIS_VIDEO_TDATA_WIDTH</spirit:name>
				<spirit:value spirit:format="long"
						spirit:resolve="generated"
						spirit:id="MODELPARAM_VALUE.C_S_AXIS_VIDEO_TDATA_WIDTH"
						spirit:maximum="40">16</spirit:value>
			</spirit:modelParameter>
			<spirit:modelParameter spirit:dataType="integer">
				<spirit:name>C_M_AXIS_VIDEO_TDATA_WIDTH</spirit:name>
				<spirit:value spirit:format="long"
						spirit:resolve="generated"
						spirit:id="MODELPARAM_VALUE.C_M_AXIS_VIDEO_TDATA_WIDTH"
						spirit:maximum="40">24</spirit:value>
			</spirit:modelParameter>
			<spirit:modelParameter spirit:dataType="integer">
				<spirit:name>C_S_AXIS_VIDEO_FORMAT</spirit:name>
				<spirit:value spirit:format="long"
						spirit:resolve="generated"
						spirit:id="MODELPARAM_VALUE.C_S_AXIS_VIDEO_FORMAT"
						spirit:maximum="12">0</spirit:value>
			</spirit:modelParameter>
			<spirit:modelParameter spirit:dataType="integer">
				<spirit:name>C_M_AXIS_VIDEO_FORMAT</spirit:name>
				<spirit:value spirit:format="long"
						spirit:resolve="generated"
						spirit:id="MODELPARAM_VALUE.C_M_AXIS_VIDEO_FORMAT"
						spirit:maximum="12">2</spirit:value>
			</spirit:modelParameter>
			<spirit:modelParameter spirit:dataType="integer">
				<spirit:name>C_S_AXIS_VIDEO_TUSER_WIDTH</spirit:name>
				<spirit:value spirit:format="long"
						spirit:resolve="generated"
						spirit:id="MODELPARAM_VALUE.C_S_AXIS_VIDEO_TUSER_WIDTH"
						spirit:maximum="1">0</spirit:value>
			</spirit:modelParameter>
			<spirit:modelParameter spirit:dataType="integer">
				<spirit:name>C_M_AXIS_VIDEO_TUSER_WIDTH</spirit:name>
				<spirit:value spirit:format="long"
						spirit:resolve="generated"
						spirit:id="MODELPARAM_VALUE.C_M_AXIS_VIDEO_TUSER_WIDTH"
						spirit:maximum="1">1</spirit:value>
			</spirit:modelParameter>
			<spirit:modelParameter spirit:dataType="integer">
				<spirit:name>C_S_AXI_ADDR_WIDTH</spirit:name>
				<spirit:value spirit:format="long"
						spirit:resolve="generated"
						spirit:id="MODELPARAM_VALUE.C_S_AXI_ADDR_WIDTH"
						spirit:maximum="32">9</spirit:value>
			</spirit:modelParameter>
			<spirit:modelParameter spirit:dataType="integer">
				<spirit:name>C_S_AXI_DATA_WIDTH</spirit:name>
				<spirit:value spirit:format="long"
						spirit:resolve="generated"
						spirit:id="MODELPARAM_VALUE.C_S_AXI_DATA_WIDTH"
						spirit:maximum="32">32</spirit:value>
			</spirit:modelParameter>
			<spirit:modelParameter spirit:dataType="integer">
				<spirit:name>C_S_AXI_CLK_FREQ_HZ</spirit:name>
				<spirit:value spirit:format="long"
						spirit:resolve="generated"
						spirit:id="MODELPARAM_VALUE.C_S_AXI_CLK_FREQ_HZ">100000000</spirit:value>
			</spirit:modelParameter>
			<spirit:modelParameter spirit:dataType="integer">
				<spirit:name>C_ACTIVE_ROWS</spirit:name>
				<spirit:value spirit:format="long"
						spirit:resolve="generated"
						spirit:id="MODELPARAM_VALUE.C_ACTIVE_ROWS"
						spirit:maximum="7680">1080</spirit:value>
			</spirit:modelParameter>
			<spirit:modelParameter spirit:dataType="integer">
				<spirit:name>C_ACTIVE_COLS</spirit:name>
				<spirit:value spirit:format="long"
						spirit:resolve="generated"
						spirit:id="MODELPARAM_VALUE.C_ACTIVE_COLS"
						spirit:maximum="7680">1920</spirit:value>
			</spirit:modelParameter>
			<spirit:modelParameter spirit:dataType="integer">
				<spirit:name>C_PATTERN_CONTROL</spirit:name>
				<spirit:value spirit:format="long"
						spirit:resolve="generated"
						spirit:id="MODELPARAM_VALUE.C_PATTERN_CONTROL"
						spirit:maximum="8191">4107</spirit:value>
			</spirit:modelParameter>
			<spirit:modelParameter spirit:dataType="integer">
				<spirit:name>C_MOTION_SPEED</spirit:name>
				<spirit:value spirit:format="long"
						spirit:resolve="generated"
						spirit:id="MODELPARAM_VALUE.C_MOTION_SPEED"
						spirit:maximum="255">0</spirit:value>
			</spirit:modelParameter>
			<spirit:modelParameter spirit:dataType="integer">
				<spirit:name>C_CROSS_HAIRS</spirit:name>
				<spirit:value spirit:format="long"
						spirit:resolve="generated"
						spirit:id="MODELPARAM_VALUE.C_CROSS_HAIRS">6553700</spirit:value>
			</spirit:modelParameter>
			<spirit:modelParameter spirit:dataType="integer">
				<spirit:name>C_ZPLATE_HOR_CONTROL</spirit:name>
				<spirit:value spirit:format="long"
						spirit:resolve="generated"
						spirit:id="MODELPARAM_VALUE.C_ZPLATE_HOR_CONTROL">30</spirit:value>
			</spirit:modelParameter>
			<spirit:modelParameter spirit:dataType="integer">
				<spirit:name>C_ZPLATE_VER_CONTROL</spirit:name>
				<spirit:value spirit:format="long"
						spirit:resolve="generated"
						spirit:id="MODELPARAM_VALUE.C_ZPLATE_VER_CONTROL">1</spirit:value>
			</spirit:modelParameter>
			<spirit:modelParameter spirit:dataType="integer">
				<spirit:name>C_BOX_SIZE</spirit:name>
				<spirit:value spirit:format="long"
						spirit:resolve="generated"
						spirit:id="MODELPARAM_VALUE.C_BOX_SIZE"
						spirit:maximum="8191">50</spirit:value>
			</spirit:modelParameter>
			<spirit:modelParameter spirit:dataType="integer">
				<spirit:name>C_BOX_COLOR</spirit:name>
				<spirit:value spirit:format="long"
						spirit:resolve="generated"
						spirit:id="MODELPARAM_VALUE.C_BOX_COLOR">0</spirit:value>
			</spirit:modelParameter>
			<spirit:modelParameter spirit:dataType="integer">
				<spirit:name>C_STUCK_PIXEL_THRESH</spirit:name>
				<spirit:value spirit:format="long"
						spirit:resolve="generated"
						spirit:id="MODELPARAM_VALUE.C_STUCK_PIXEL_THRESH"
						spirit:maximum="65535">0</spirit:value>
			</spirit:modelParameter>
			<spirit:modelParameter spirit:dataType="integer">
				<spirit:name>C_NOISE_GAIN</spirit:name>
				<spirit:value spirit:format="long"
						spirit:resolve="generated"
						spirit:id="MODELPARAM_VALUE.C_NOISE_GAIN"
						spirit:maximum="255">0</spirit:value>
			</spirit:modelParameter>
			<spirit:modelParameter spirit:dataType="integer">
				<spirit:name>C_BAYER_PHASE</spirit:name>
				<spirit:value spirit:format="long"
						spirit:resolve="generated"
						spirit:id="MODELPARAM_VALUE.C_BAYER_PHASE"
						spirit:maximum="4">4</spirit:value>
			</spirit:modelParameter>
			<spirit:modelParameter spirit:dataType="integer">
				<spirit:name>C_HAS_INTC_IF</spirit:name>
				<spirit:value spirit:format="long"
						spirit:resolve="generated"
						spirit:id="MODELPARAM_VALUE.C_HAS_INTC_IF">0</spirit:value>
			</spirit:modelParameter>
			<spirit:modelParameter spirit:dataType="integer">
				<spirit:name>C_HAS_AXI4_LITE</spirit:name>
				<spirit:value spirit:format="long"
						spirit:resolve="generated"
						spirit:id="MODELPARAM_VALUE.C_HAS_AXI4_LITE">1</spirit:value>
			</spirit:modelParameter>
		</spirit:modelParameters>
	</spirit:model>
	<spirit:choices>
		<spirit:choice>
			<spirit:name>choices_0</spirit:name>
			<spirit:enumeration spirit:text="8">8</spirit:enumeration>
			<spirit:enumeration spirit:text="10">10</spirit:enumeration>
			<spirit:enumeration spirit:text="12">12</spirit:enumeration>
		</spirit:choice>
		<spirit:choice>
			<spirit:name>choices_1</spirit:name>
			<spirit:enumeration spirit:text="Checkerboard">15</spirit:enumeration>
			<spirit:enumeration spirit:text="Color Bars">9</spirit:enumeration>
			<spirit:enumeration spirit:text="Horizontal Ramp">1</spirit:enumeration>
			<spirit:enumeration spirit:text="Passthrough">0</spirit:enumeration>
			<spirit:enumeration spirit:text="Solid Black">7</spirit:enumeration>
			<spirit:enumeration spirit:text="Solid Blue">6</spirit:enumeration>
			<spirit:enumeration spirit:text="Solid Green">5</spirit:enumeration>
			<spirit:enumeration spirit:text="Solid Red">4</spirit:enumeration>
			<spirit:enumeration spirit:text="Solid White">8</spirit:enumeration>
			<spirit:enumeration spirit:text="Tartan Bars">11</spirit:enumeration>
			<spirit:enumeration spirit:text="Temporal Ramp">3</spirit:enumeration>
			<spirit:enumeration spirit:text="Ver and Hor Ramp">14</spirit:enumeration>
			<spirit:enumeration spirit:text="Vertical Ramp">2</spirit:enumeration>
			<spirit:enumeration spirit:text="Zone Plate">10</spirit:enumeration>
		</spirit:choice>
		<spirit:choice>
			<spirit:name>choices_2</spirit:name>
			<spirit:enumeration spirit:text="Monochrome">12</spirit:enumeration>
			<spirit:enumeration spirit:text="RGB">2</spirit:enumeration>
			<spirit:enumeration spirit:text="YCbCr422">0</spirit:enumeration>
			<spirit:enumeration spirit:text="YCbCr444">1</spirit:enumeration>
		</spirit:choice>
		<spirit:choice>
			<spirit:name>choices_3</spirit:name>
			<spirit:enumeration spirit:text="Monochrome">12</spirit:enumeration>
			<spirit:enumeration spirit:text="RGB">2</spirit:enumeration>
			<spirit:enumeration spirit:text="YCbCr422">0</spirit:enumeration>
			<spirit:enumeration spirit:text="YCbCr444">1</spirit:enumeration>
		</spirit:choice>
		<spirit:choice>
			<spirit:name>choices_4</spirit:name>
			<spirit:enumeration spirit:text="0 RGRG">0</spirit:enumeration>
			<spirit:enumeration spirit:text="1 GRGR">1</spirit:enumeration>
			<spirit:enumeration spirit:text="2 GBGB">2</spirit:enumeration>
			<spirit:enumeration spirit:text="3 BGBG">3</spirit:enumeration>
			<spirit:enumeration spirit:text="4 None">4</spirit:enumeration>
		</spirit:choice>
	</spirit:choices>
	<spirit:description>The Xilinx Video Test Pattern Generator creates test-patterns that are useful in the development of video IP blocks. The patterns may also be used in-system for display p urposes.</spirit:description>
	<spirit:parameters>
		<spirit:parameter>
			<spirit:name>Component_Name</spirit:name>
			<spirit:value spirit:resolve="user"
					spirit:id="PARAM_VALUE.Component_Name"
					spirit:order="1">design_1_v_tpg_1_0</spirit:value>
		</spirit:parameter>
		<spirit:parameter>
			<spirit:name>has_axi4_lite</spirit:name>
			<spirit:value spirit:format="bool"
					spirit:resolve="user"
					spirit:id="PARAM_VALUE.has_axi4_lite"
					spirit:order="1000">true</spirit:value>
		</spirit:parameter>
		<spirit:parameter>
			<spirit:name>has_axi4s_slave</spirit:name>
			<spirit:value spirit:format="bool"
					spirit:resolve="user"
					spirit:id="PARAM_VALUE.has_axi4s_slave"
					spirit:order="1100">false</spirit:value>
		</spirit:parameter>
		<spirit:parameter>
			<spirit:name>has_intc_if</spirit:name>
			<spirit:value spirit:format="bool"
					spirit:resolve="user"
					spirit:id="PARAM_VALUE.has_intc_if"
					spirit:order="1200">false</spirit:value>
		</spirit:parameter>
		<spirit:parameter>
			<spirit:name>data_width</spirit:name>
			<spirit:value spirit:format="long"
					spirit:resolve="user"
					spirit:id="PARAM_VALUE.data_width"
					spirit:choiceRef="choices_0"
					spirit:order="1300">8</spirit:value>
		</spirit:parameter>
		<spirit:parameter>
			<spirit:name>pattern_control</spirit:name>
			<spirit:value spirit:resolve="user"
					spirit:id="PARAM_VALUE.pattern_control"
					spirit:choiceRef="choices_1"
					spirit:order="1400">11</spirit:value>
		</spirit:parameter>
		<spirit:parameter>
			<spirit:name>active_cols</spirit:name>
			<spirit:value spirit:format="long"
					spirit:resolve="user"
					spirit:id="PARAM_VALUE.active_cols"
					spirit:order="1500"
					spirit:minimum="32"
					spirit:maximum="7680">1920</spirit:value>
		</spirit:parameter>
		<spirit:parameter>
			<spirit:name>active_rows</spirit:name>
			<spirit:value spirit:format="long"
					spirit:resolve="user"
					spirit:id="PARAM_VALUE.active_rows"
					spirit:order="1600"
					spirit:minimum="32"
					spirit:maximum="7680">1080</spirit:value>
		</spirit:parameter>
		<spirit:parameter>
			<spirit:name>s_video_format</spirit:name>
			<spirit:value spirit:resolve="user"
					spirit:id="PARAM_VALUE.s_video_format"
					spirit:choiceRef="choices_2"
					spirit:order="1700">0</spirit:value>
		</spirit:parameter>
		<spirit:parameter>
			<spirit:name>m_video_format</spirit:name>
			<spirit:value spirit:resolve="user"
					spirit:id="PARAM_VALUE.m_video_format"
					spirit:choiceRef="choices_3"
					spirit:order="1800">2</spirit:value>
		</spirit:parameter>
		<spirit:parameter>
			<spirit:name>bayer_phase</spirit:name>
			<spirit:value spirit:resolve="user"
					spirit:id="PARAM_VALUE.bayer_phase"
					spirit:choiceRef="choices_4"
					spirit:order="1900">4</spirit:value>
		</spirit:parameter>
		<spirit:parameter>
			<spirit:name>enable_motion</spirit:name>
			<spirit:value spirit:format="bool"
					spirit:resolve="user"
					spirit:id="PARAM_VALUE.enable_motion"
					spirit:order="2000">true</spirit:value>
		</spirit:parameter>
		<spirit:parameter>
			<spirit:name>motion_speed</spirit:name>
			<spirit:value spirit:format="long"
					spirit:resolve="user"
					spirit:id="PARAM_VALUE.motion_speed"
					spirit:order="2100"
					spirit:minimum="0"
					spirit:maximum="255">0</spirit:value>
		</spirit:parameter>
	</spirit:parameters>
	<spirit:vendorExtensions>
		<xilinx:coreExtensions>
			<xilinx:supportedFamilies>
				<xilinx:family xilinx:lifeCycle="Production">artix7</xilinx:family>
				<xilinx:family xilinx:lifeCycle="Production">artix7l</xilinx:family>
				<xilinx:family xilinx:lifeCycle="Production">azynq</xilinx:family>
				<xilinx:family xilinx:lifeCycle="Production">kintex7</xilinx:family>
				<xilinx:family xilinx:lifeCycle="Production">kintex7l</xilinx:family>
				<xilinx:family xilinx:lifeCycle="Pre-Production">kintex8</xilinx:family>
				<xilinx:family xilinx:lifeCycle="Production">virtex7</xilinx:family>
				<xilinx:family xilinx:lifeCycle="Beta">virtex8</xilinx:family>
				<xilinx:family xilinx:lifeCycle="Production">zynq</xilinx:family>
			</xilinx:supportedFamilies>
			<xilinx:taxonomies>
				<xilinx:taxonomy>/Video_&amp;_Image_Processing</xilinx:taxonomy>
			</xilinx:taxonomies>
			<xilinx:displayName>Test Pattern Generator</xilinx:displayName>
			<xilinx:vendorDisplayName>Xilinx, Inc.</xilinx:vendorDisplayName>
			<xilinx:vendorURL>http://www.xilinx.com/products/intellectual-property/tpg.htm</xilinx:vendorURL>
			<xilinx:coreRevision>3</xilinx:coreRevision>
			<xilinx:upgrades>
				<xilinx:canUpgradeFrom>xilinx.com:ip:v_tpg:4.00.a</xilinx:canUpgradeFrom>
			</xilinx:upgrades>
			<xilinx:coreCreationDateTime>2013-12-02T19:29:14Z</xilinx:coreCreationDateTime>
		</xilinx:coreExtensions>
		<xilinx:packagingInfo>
			<xilinx:xilinxVersion>2013.4</xilinx:xilinxVersion>
		</xilinx:packagingInfo>
	</spirit:vendorExtensions>
</spirit:component>
